Raw Text,Links,Intermediate URL,Final URL,Preview Text,Predicted Tags,Summary
"Feed post number 3
                 
 
   
 
 
 
 
 
 
 
 
   
 
 
 
 
 
 
 
 
 ESGpedia ESGpedia 
 
   
 
 9,350 followers 9,350 followers 
 
 
   
 2d •   
 
   2 days ago • Visible to anyone on or off LinkedIn 
 
 
 
 
 
 
 
 
 Follow 
 
   
 
 
 
 
 
 
 
 
 
 
 
 
 
 
 
   
 
 
 
 
 
 
 
 
 
   ...","https://lnkd.in/g8YW4U-G, https://lnkd.in/gEyfS379, https://lnkd.in/gydQHd7k, https://lnkd.in/gxBc3WZG, https://lnkd.in/gr77quU4, https://lnkd.in/g8fqUuaG, https://lnkd.in/gsfKXedU",https://tinyurl.com/4rzhnefm ||| https://tinyurl.com/5f4cabju ||| https://tinyurl.com/jnu3c8hd ||| https://tinyurl.com/c5jdr3mn ||| https://tinyurl.com/n7sy65vp ||| https://tinyurl.com/3rem9te3 ||| https://tinyurl.com/3n8t6pmj,https://www.businesstimes.com.sg/companies-markets/future-world-sustainability-2025/singapores-climate-strategy-stands-firm-amid-global-setbacks-emissions ||| https://www.straitstimes.com/singapore/environment/spores-projected-carbon-tax-revenue-for-2024-lower-than-expected-after-fivefold-hike-in-tax-rate ||| https://www.eco-business.com/news/china-is-southeast-asias-biggest-public-funder-of-clean-energy-with-us27bn-in-investments-study/ ||| https://www.eco-business.com/news/expect-further-delay-southeast-asias-carbon-market-plagued-by-political-uncertainty-methodology-setbacks/ ||| https://www.businesstimes.com.sg/companies-markets/global-convergence-sustainability-disclosure-standards-what-boards-need-know ||| https://www.businesstimes.com.sg/esg/tech-giants-indirect-emissions-rose-150-3-years-ai-expands-un-agency-says ||| https://www.esgtoday.com/global-sustainable-aviation-fuel-production-to-double-in-2025-iata-says/,"[SINGAPORE] As major economies scale back climate commitments and global momentum stalls, Singapore stands out for its steadfast approach to climate action.

Recent policy reversals in countries like the United States – where significant climate safeguards for air, water, wildlife, and toxic chemicals have been discontinued – have cast doubt on the world’s collective resolve.

Several major signatories to the Paris Climate Agreement also missed the Feb 10, 2025, deadline to submit updated carbon ||| One expert has suggested that the lower-than-expected carbon tax revenue forecast is likely due to allowances given to trade-exposed emitters. PHOTO: ST FILE

S’pore’s projected carbon tax revenue for 2024 lower than expected after fivefold hike in tax rate

SINGAPORE – The revenue collected from Singapore’s carbon tax for 2024 – the year the tax rate went up to five times from before – is projected to be about $642 million, The Straits Times has learnt.

This is up from the roughly $200 million ||| China is the leading source of public clean energy investments in Southeast Asia over the last decade, channeling over US$ 2.7 billion into projects across the region, according to a report by international research organisation Zero Carbon Analytics.

Most of the country’s funding between 2013 and 2023 went to hydroelectric and wind projects, with Indonesia as the biggest recipient, researchers said.

But despite the increase in green financing in the region, it might not translate into a renew ||| News / Energy Philippines bets on natural gas to accelerate renewable energy

A new law paving the way for the promotion of natural gas has been labelled an “insult” by … ||| SUSTAINABILITY disclosures have finally begun to align globally after a long, winding journey spanning three decades. What originated in the 1980s as voluntary environmental-related disclosures by companies have today evolved into mandatory disclosure regulations across environment, social and governance factors adopted by more than half the stock exchanges worldwide – and for good reason.

These standards are necessary because they offer a clear, transparent and comparable framework for compani ||| [GENEVA] Indirect carbon emissions from the operations of four of the leading AI-focused tech companies rose 150 per cent on average from 2020 to 2023, due to the demands of power-hungry data centres, a United Nations report said last week.

The use of artificial intelligence (AI) by Amazon, Microsoft, Alphabet and Meta drove up their global indirect emissions because of the vast amounts of energy required to power data centres, the report by the International Telecommunication Union (ITU), the  ||| The International Air Transport Association (IATA) has announced that it expects sustainable aviation fuel (SAF) production to roughly double to reach two million tonnes this year, but noted that this accounts for just 0.7% of airlines’ total fuel consumption.

Fuel accounts for the vast majority of the aviation sector’s emissions. Generally produced from sustainable resources, like waste oils and agricultural residues, SAF is seen as one of the key tools to help decarbonize the aviation industr","1. Climate Change & Mitigation

Tags: climate policy, sustainability, clean energy, energy sector, renewable energy","The article highlights Singapore's commitment to climate action, which stands out in the face of recent policy reversals and missed climate commitments in other countries. It also discusses the recent carbon tax revenue projections in Singapore, which have increased significantly compared to previous periods. The article also notes that China is a significant source of clean energy investments in Southeast Asia, but despite the increase in financing, it might not translate into meaningful climate action due to other factors."
"Feed post number 4
                 
 
   
 
 
 
 
 
 
 
 
   
 
 
 
 
 
 
 
 
 ESGpedia ESGpedia 
 
   
 
 9,350 followers 9,350 followers 
 
 
   
 1w •   
 
   1 week ago • Visible to anyone on or off LinkedIn 
 
 
 
 
 
 
 
 
 Follow 
 
   
 
 
 
 
 
 
 
 
 
 
 
 
 
 
 
   
 
 
 
 
 
 
 
 
 
   ...","https://lnkd.in/gcptE7uf, https://lnkd.in/gCChSY2d, https://lnkd.in/gJcW-Uuk, https://lnkd.in/ggXfKZKk, https://lnkd.in/gKCBUtu4, https://lnkd.in/gJ7GqQH2, https://lnkd.in/gs8gRzXe",https://tinyurl.com/4ch9cpdp ||| https://tinyurl.com/ym97p859 ||| https://tinyurl.com/599k3k39 ||| https://tinyurl.com/er5tbup3 ||| https://tinyurl.com/464p5j32 ||| https://tinyurl.com/54kupvty ||| https://tinyurl.com/y43w9xxc,https://www.straitstimes.com/singapore/environment/carbon-tax-paying-firms-can-carry-over-unused-offsets-to-2025-due-to-limited-carbon-credit-supply ||| https://www.businesstimes.com.sg/singapore/smes/new-decarbonisation-playbook-help-singapores-manufacturers-cut-emissions ||| https://www.businesstimes.com.sg/esg/solar-wind-energy-could-power-third-asean-data-centres-2030-report ||| https://www.businesstimes.com.sg/opinion-features/south-east-asian-banks-must-keep-decarbonisation-efforts-despite-lower-climate-targets ||| https://www.businesstimes.com.sg/esg/un-says-70-chance-2025-2029-average-warming-will-top-1-5-deg-c ||| https://www.esgtoday.com/eu-nearly-on-track-to-hit-2030-climate-goals/ ||| https://www.straitstimes.com/world/united-states/climate-action-could-save-half-of-worlds-vanishing-glaciers-says-study,"Singapore is making headway in its quest to source carbon credits from its partners around the world. ST PHOTO: KUA CHEE SIONG

SINGAPORE – Carbon tax-liable companies in Singapore, which have been able to use eligible carbon credits to offset up to 5 per cent of their emissions each year, will be allowed to roll over their unused offset limit in 2024 to 2025 .

This means that if any of the roughly 50 such tax-paying facilities here did not use any carbon offsets in 2024, they may offset up to  ||| [SINGAPORE] Manufacturers can get guidance on how to cut their carbon emissions from a new 62-page playbook launched on Wednesday (May 28).

The playbook, available for free on DBS’ website, was jointly developed by the bank, the Singapore Manufacturing Federation (SMF), professional-services network EY and Nanyang Polytechnic (NYP). It is also supported by Enterprise Singapore and SkillsFuture Singapore.

In a joint statement, the creators said the playbook aims to support Singapore’s 5,000-odd ||| [SINGAPORE] Solar and wind energy could power up to a third of data centres in South-east Asia in 2030 via power grids and without the need for batteries, said a report by energy think-tank Ember.

“This indicates that high battery costs are not an immediate barrier to adopting these electricity sources for data centres,” said Ember, which made the forecast based on estimates of power consumption and solar and wind capacity.

South-east Asia is emerging as a data centre hub, but the Internationa ||| [SINGAPORE] The Net-Zero Banking Alliance (NZBA) recently lowered its climate ambition requirements for member banks, but South-east Asian banks in the alliance should not interpret this as a green light to slow down their pace of decarbonisation.

In fact, given that changes to NZBA’s guidance have attracted criticisms from climate groups and raised concerns over financial institutions’ climate commitments, the onus is on these banks to show that the less-ambitious climate targets can still res ||| [GENEVA] The United Nations warned Wednesday there is a 70 per cent chance that average warming from 2025 to 2029 will exceed the 1.5 degrees Celsius international benchmark.

The planet is therefore expected to remain at historic levels of warming after the two hottest years ever recorded in 2023 and 2024, according to an annual climate report published by the World Meteorological Organization, the UN’s weather and climate agency.

“We have just experienced the 10 warmest years on record,” said ||| The European Commission issued a new report today, assessing the energy and climate plans of EU member states, revealing that the EU is very nearly on track to hit its climate and energy targets, including its goal to cut greenhouse gas (GHG) emissions by 55% by 2030, compared to 1990 levels.

According to the report, the Commission’s assessment of the National Energy and Climate Plans (NECPs), the EU is currently on course to reduce net GHG emissions by around 54% by 2030, and that member state ||| The loss of glaciers can have profound ripple effects, from disrupting tourism economies to eroding cultural heritage. PHOTO: AFP

WASHINGTON – More than three-quarters of the world’s glaciers are set to vanish if climate change continues unchecked, fuelling sea-level rise and jeopardising water supplies for billions, a major new study warned on May 29.

Published in Science, the international analysis provides the clearest picture yet of long-term glacier loss, revealing that every fraction of ","1. ESG

Tags: 
Climate Change Mitigation, ESG Reporting, Corporate Sustainability, Nature-based Solutions, and General Market Trends.","Singapore is helping companies with carbon tax obligations to use carbon credits to offset emissions, allowing them to roll over their limits in 2024- manufacturers can access a 62-page playbook to reduce their emissions, and power solar and wind energy to power a third of data centers without battery needs by 2030."
"Feed post number 6
                 
 
   
 
 
 
 
 
 
 
 
   
 
 
 
 
 
 
 
 
 ESGpedia ESGpedia 
 
   
 
 9,350 followers 9,350 followers 
 
 
   
 2w • Edited •   
 
   2 weeks ago • Edited • Visible to anyone on or off LinkedIn 
 
 
 
 
 
 
 
 
 Follow 
 
   
 
 
 
 
 
 
 
 
 
 
 
 
 
 
 
   
 
...","https://lnkd.in/g3xrwdaB, https://lnkd.in/gtb4zA9u, https://lnkd.in/gtNyGjzt, https://lnkd.in/gCbYcJv7, https://lnkd.in/gG_Uf7Ud, https://lnkd.in/gnZ3uvEm, https://lnkd.in/gWD7pNtZ",https://tinyurl.com/zacxfnt6 ||| https://tinyurl.com/2y2fwz7w ||| https://tinyurl.com/44c6b353 ||| https://tinyurl.com/3u9uv7tp ||| https://tinyurl.com/2h67wap4 ||| https://tinyurl.com/yf9ht3s3 ||| https://tinyurl.com/58m6tcxv,https://www.straitstimes.com/singapore/environment/appointments-in-new-cabinet-show-climate-change-remains-a-priority-for-singapore?login=true ||| https://www.businesstimes.com.sg/opinion-features/prefabrication-could-help-green-singapores-data-centre-industry ||| https://www.eco-business.com/news/analysis-clean-energy-just-put-chinas-co2-emissions-into-reverse-for-first-time/ ||| https://www.businesstimes.com.sg/international/asean/four-energy-companies-malaysia-singapore-vietnam-ink-deal-explore-clean-energy-export-vietnam ||| https://www.channelnewsasia.com/sustainability/us-environmental-protection-agency-erase-greenhouse-gas-limits-power-plant-nyt-5151071 ||| https://www.esgtoday.com/eu-lawmakers-agree-to-exempt-90-of-companies-from-cbam-import-carbon-tax/ ||| https://www.ft.com/content/93bb3ae2-2910-42e9-aa3a-584c27011efe,"In announcing his new Cabinet line-up, PM Lawerence Wong said that energy – especially clean energy – will be an important part of his Government’s agenda ST PHOTO: LIM YAOHUI

SINGAPORE – Climate change first shot to the top of the national agenda in 2019 under then Prime Minister Lee Hsien Loong, when he said in his National Day Rally speech that Singapore’s climate change defences were of as much existential importance for the country as its armed forces.

Following that speech, the Governmen ||| THE biggest contributor to a data centre’s carbon footprint is electricity consumption, and businesses and government have been rightly examining how to cut this down.

Yet, companies should consider the cost of construction too. This is especially as more jurisdictions promote or require the reporting of Scope 3 emissions, which include embodied carbon from construction.

One possible solution: prefabricated modular data centres.

Broader studies of modularised, off-site construction have shown ||| Coal use outside the power and chemicals sectors peaked at the same time as cement, but has been rebounding since then and is now close to previous peak levels.

The China Coal Association expects coal use in the steel and building materials industries to fall, while coal consumption in the chemical industry is projected to continue growing.

Hopes of future growth in demand for coal are pinned on the chemical sector, described as a shift from using coal primarily as a fuel to a role as both a f ||| [KUALA LUMPUR] Four energy companies from Malaysia, Singapore and Vietnam have inked an agreement to explore the export of renewable electricity from Vietnam to the other two countries.

“Together, the consortia will focus on unlocking Vietnam’s rich renewable energy resources – particularly offshore wind power – as a source for green electron generation and to supply clean electricity across borders,” said a joint statement from the four companies on Monday (May 26).

The joint development agre ||| The US Environmental Protection Agency has drafted a plan to eliminate all limits on greenhouse gases from coal and gas-fired power plants in the United States, the New York Times reported on Saturday (May 24), citing internal agency documents.

The EPA argued in its proposed regulation that carbon dioxide and other greenhouse gases from power plants that burn fossil fuels ""do not contribute significantly to dangerous pollution"" or to climate change because they are a small and declining share o ||| Lawmakers in the European Parliament voted 564 – 20 today to approve proposed changes to approve proposed changes to the Carbon Border Adjustment Mechanism (CBAM), the EU’s carbon tax on imported goods, which would exempt the vast majority of importers from the CBAM rules, while allowing the mechanism to continue to cover nearly all emissions from imports across key carbon-intensive sectors.

The proposed changes form part of the European Commission’s Omnibus I package, launched in February 2025 ||| Banks’ climate goals are falling like dominoes. HSBC has told investors to expect a rejigged energy strategy and climate targets in the second half of the year, while Royal Bank of Canada has dropped its sustainable financing target altogether and UBS has pushed back a target to cut its greenhouse emissions to net zero by a decade. Wells Fargo is no longer aiming for net zero by mid-century.

All these banks are, or have previously been, members of the UN-convened Net-Zero Banking Alliance, whic","Response:

Category: ESG Regulations & Reporting
Tags: Environmental Policy Compliance, Government Energy Policies, Corporate Sustainability Goals, Future Industry Trends

These sub-topics touch on critical areas of reporting and regulations related to environmental sustainability, energy usage, and future industry growth.","The primary energy source for data centres is electricity, and businesses and government have been examining ways to reduce electricity consumption. The construction cost is also another factor. Additionally, modular data centres are a solution, and the future growth of coal demand is tied to the chemical sector, which has shifted from coal-as fuel to other uses."
"Feed post number 7
                 
 
   
 
 
 
 
 
 
 
 
   
 
 
 
 
 
 
 
 
 ESGpedia ESGpedia 
 
   
 
 9,350 followers 9,350 followers 
 
 
   
 3w •   
 
   3 weeks ago • Visible to anyone on or off LinkedIn 
 
 
 
 
 
 
 
 
 Follow 
 
   
 
 
 
 
 
 
 
 
 
 
 
 
 
 
 
   
 
 
 
 
 
 
 
 
 
  ...","https://lnkd.in/g_-dFfhd, https://lnkd.in/gnzhGvGG, https://lnkd.in/gbx-p_uY, https://lnkd.in/gJ_utm6b, https://lnkd.in/g3CcksqC, https://lnkd.in/gnsP-APp, https://lnkd.in/gbT_SSCs",https://tinyurl.com/ydme9mmu ||| https://tinyurl.com/2fzy9nxj ||| https://tinyurl.com/yazcjzwr ||| https://tinyurl.com/5y2wk2un ||| https://tinyurl.com/4v6rnt65 ||| https://tinyurl.com/hrnkz2un ||| https://tinyurl.com/yhys3fzk,https://www.businesstimes.com.sg/esg/guidebook-launched-sustainability-reporting-training-providers ||| https://www.businesstimes.com.sg/wealth/wealth-investing/are-investors-hitting-pause-button-sustainable-investing ||| https://www.straitstimes.com/asia/east-asia/china-first-quarter-emissions-fell-despite-rising-power-demand ||| https://www.channelnewsasia.com/sustainability/japans-oil-refiners-scale-back-decarbonisation-efforts-refocus-fossil-fuels-5131821 ||| https://www.channelnewsasia.com/sustainability/dire-sea-level-rise-likely-even-15degc-world-study-5141816 ||| https://www.esgtoday.com/70-of-gen-z-millennials-consider-environmental-sustainability-important-in-choosing-employers-deloitte-survey/ ||| https://www.esgtoday.com/eu-parliament-committee-proposes-much-deeper-cuts-than-omnibus-to-sustainability-reporting-laws/,"[SINGAPORE] Sustainability-reporting training providers can now refer to a new guidebook to design their programmes and courses in a way that aligns with standards set out by the International Sustainability Standards Board (ISSB).

Launched by the Accounting and Corporate Regulatory Authority (Acra) on Monday (May 19), the guidebook – titled Sustainability Reporting Body of Knowledge (SR BOK) – aims to provide essential knowledge areas on ISSB standards that training providers could use to deve ||| [SINGAPORE] Sustainable investing was all the rage some years ago, but its shine appears to be fading. What would it take to revive investor interest?

Morningstar’s latest fund flows data for global sustainable funds in the first quarter found “record-high” outflows mainly in the US – which isn’t a surprise – but also in Europe, albeit to a more modest degree.

This is happening at a time when global temperatures are rising, and energy transition and climate commitments are under threat even as ||| China plans to peak carbon emissions by 2030 and achieve carbon neutrality by 2060. PHOTO: AFP

- Surging renewable energy meant China’s carbon emissions fell in the first quarter of 2025 despite rapidly rising power demands, a key milestone in the country’s energy transition, analysis from a think tank showed on May 15.

China’s trade war with the US remains a wild card, however, especially if Beijing acts to stimulate polluting industrial sectors in response, the report notes.

China, the worl ||| TOKYO: Japanese oil companies are scaling back decarbonisation initiatives, including hydrogen and ammonia projects, amid a global shift towards more stable and cost-effective fossil fuels.

The move reflects mounting concerns over energy security, US policy risks, and rising material costs driven by inflation, all of which undermine project profitability and predictability.

Across the global energy sector, companies that had reoriented their portfolios to address climate change are increasingl ||| PARIS: Rising seas will severely test humanity's resilience in the second half of the 21st century and beyond, even if nations defy the odds and cap global warming at the ambitious 1.5 degrees Celsius target, researchers said on Tuesday (May 20).

The pace at which global oceans are rising has doubled in three decades, and on current trends will double again by 2100 to about 1cm per year, they reported in a study.

""Limiting global warming to 1.5°C would be a major achievement"" and avoid many di ||| Environmental sustainability concerns play a considerable role in the career and consumption choices of Gen Zs and Millennials, with seven out of ten reporting that companies’ environmental credentials are important to choosing employers, and nearly two-thirds saying they are willing to pay more for sustainable products, according to a new survey by global professional services firm Deloitte.

For the report, the 2025 Gen Z and Millennial Survey, Deloitte surveyed more than 23,400 Gen Z (those b ||| The European Parliament’s Committee on Economic and Monetary Affairs (ECON Committee) may propose significant reductions in the number of companies required to comply with the EU’s sustainability reporting and due diligence regulations, going well beyond the cuts proposed by the EU Commission’s Omnibus plan, according to a draft amendments report seen by ESG Today.

The draft proposals follow the release in late February of the Commission’s Omnibus I package, aimed at significantly reducing the ","Response: 

Main Category: ESG Regulations & Reporting
Tags: ESG disclosures, Sustainability frameworks, Regulation updates, Corporate sustainability goals. 

This category highlights the importance of guidelines and reporting structures that ensure proper alignment with international sustainability standards. It also explores ongoing regulation and updates around ESG topics and how these regulations are communicated and implemented across various regions. 

Is there anything else I can help you clarify or expand upon?","Here's a brief summary:

The article notes that interest in sustainable investing is waning down, and China's carbon emissions are falling. It also mentions the important factors like China's trade war with the US and energy transition plans, which could impact the environment positively or negatively."
"Feed post number 12
                 
 
   
 
 
 
 
 
 
 
 
   
 
 
 
 
 
 
 
 
 ESGpedia ESGpedia 
 
   
 
 9,350 followers 9,350 followers 
 
 
   
 4w • Edited •   
 
   0 months ago • Edited • Visible to anyone on or off LinkedIn 
 
 
 
 
 
 
 
 
 Follow 
 
   
 
 
 
 
 
 
 
 
 
 
 
 
 
 
 
   
...","https://lnkd.in/gt5AiwK7, https://lnkd.in/grt9PNDm, https://lnkd.in/gGD69t65, https://lnkd.in/g3NMcUen, https://lnkd.in/gfXvzHpT, https://lnkd.in/g3tCx5Yc, https://lnkd.in/gm-SdhpA",https://tinyurl.com/43c447y7 ||| https://tinyurl.com/2bbk8zuv ||| https://tinyurl.com/556taetz ||| https://tinyurl.com/2k85mcu4 ||| https://tinyurl.com/44z7eteb ||| https://tinyurl.com/sha7afbf ||| https://tinyurl.com/36fktdyu,https://www.businesstimes.com.sg/esg/enabling-msmes-adopt-esg-practices-key-sustainable-supply-chains-report ||| https://www.straitstimes.com/asia/se-asia/mitsubishi-joins-singapore-firms-in-climate-plan-to-close-philippine-coal-plant-early ||| https://www.esgtoday.com/india-releases-draft-climate-finance-taxonomy-to-drive-capital-to-net-zero-goals/ ||| https://www.eco-business.com/news/re100-fully-endorses-chinas-green-energy-certificates/ ||| https://www.businesstimes.com.sg/companies-markets/energy-commodities/worlds-richest-10-caused-two-thirds-global-warming-study ||| https://www.straitstimes.com/world/cop30-brazilian-presidency-calls-for-new-global-climate-governance ||| https://www.esgtoday.com/trump-24-states-sue-new-york-and-vermont-over-laws-charging-fossil-fuel-companies-for-climate-change/,"[SINGAPORE] There is growing momentum among micro, small and medium-sized enterprises (MSMEs) in South-east Asia to adopt sustainability practices, but stumbling blocks such as financial constraints remain.

This issue was raised in a report by the Centre for Impact Investing and Practices (CIIP), titled Transforming for Sustainability: Driving Impact and Value through Supply Chain Action, released on Wednesday (May 7) at an Ecosperity Week event.

The report found that MSMEs in the region recog ||| The aim is to retire a 246MW coal plant in Batangas province in the Philippines by 2030 and replace it with renewable energy and battery storage. PHOTO: ACEN

SINGAPORE - Japanese conglomerate Mitsubishi Corporation on May 7 joined Singapore’s Keppel and investment platform GenZero in a climate initiative that aims to retire a Philippine coal plant early using funds from a new type of carbon credit backed by the Monetary Authority of Singapore (MAS).

The initiative, if successful, could be a mo ||| India’s Ministry of Finance announced the release of a draft framework for its Climate Finance Taxonomy, its classification system for identifying sustainable economic activities aligned with its climate goals, aimed at enabling the facilitation of major capital flows required to support the net zero transition, while preventing greenwashing.

India has set a series of climate goals, including a target to achieve net zero emissions by 2070, and an interim target to reduce emissions intensity of  ||| RE100 fully endorses China’s green energy certificates

Signatories to the global corporate initiative can now use these certificates to make renewable energy claims in China, after authorities addressed previous concerns around double-counting.

Apple, one of the top buyers of China's green energy certificates, is working with over 100 suppliers in the country to transition to 100 per cent renewable energy for its products. To date, about two-thirds of the tech giant's manufacturing in China ru ||| [PARIS] The world’s wealthiest 10 per cent of individuals are responsible for two thirds of global warming since 1990, researchers said on Tuesday.

How the rich consume and invest has substantially increased the risk of deadly heatwaves and drought, they reported in the first study to quantify the impact of concentrated private wealth on extreme climate events.

“We link the carbon footprints of the wealthiest individuals directly to real-world climate impacts,” lead author Sarah Schoengart, a  ||| COP30 President Ambassador Andre Correa do Lago looks on prior to the Copenhagen Climate Ministerial meeting in Copenhagen, Denmark, May 7, 2025. Ritzau Scanpix/Mads Claus Rasmussen via REUTERS ATTENTION EDITORS - THIS IMAGE WAS PROVIDED BY A THIRD PARTY. DENMARK OUT. NO COMMERCIAL OR EDITORIAL SALES IN DENMARK.

BRASILIA - The Brazilian presidency of COP30, this year's climate summit, called for new global climate governance mechanisms to help nations implement their commitments to curb global  ||| The U.S. Justice Department announced that it has filed complaints in U.S. District Courts against the states of New York and Vermont over their respective climate change “Superfund” laws, aimed at fining energy companies for their contributions to climate change. Separately, a group of 24 U.S. State Attorneys General announced that they have joined a lawsuit against the Vermont Superfund laws as well.

Vermont’s legislature passed its Superfund law in May 2024, with New York following later in ","Response:

1. Sustainability 

2. Sustainability 

Tags: 
- Climate change mitigation 
- ESG regulations & reporting 
- Environmental sustainability 
- Climate finance taxonomy 
- Supply chain sustainability 
- Circular economy 
- Water regulation 
- Finance innovation 
- Corporate net-zero 
- Biodiversity 
- Nature-based solutions 
- Ocean health 
- Social impact 
- Economic trends 
These all align with the report's discussion of sustainability practices and initiatives.","A report highlights how small and medium enterprises in Southeast Asia are embracing sustainability practices, despite challenges. It also mentions initiatives to retire a coal plant in the Philippines and India's climate finance taxonomy, as well as the support of financial institutions. The report also mentions India's climate goals and targets."
"Feed post number 14
                 
 
   
 
 
 
 
 
 
 
 
   
 
 
 
 
 
 
 
 
 ESGpedia ESGpedia 
 
   
 
 9,350 followers 9,350 followers 
 
 
   
 1mo •   
 
   1 month ago • Visible to anyone on or off LinkedIn 
 
 
 
 
 
 
 
 
 Follow 
 
   
 
 
 
 
 
 
 
 
 
 
 
 
 
 
 
   
 
 
 
 
 
 
 
 
 
...","https://lnkd.in/gxfKmhPf, https://lnkd.in/gEFvecFx, https://lnkd.in/gEt9W2s6, https://lnkd.in/gtXMqgT9, https://lnkd.in/gjD97MWH, https://lnkd.in/gvmdXS2J, https://lnkd.in/g94PmXZP",https://tinyurl.com/mr43pucn ||| https://tinyurl.com/5zxjkamw ||| https://tinyurl.com/5yah5r8f ||| https://tinyurl.com/bdbd326n ||| https://tinyurl.com/4kw8hxn9 ||| https://tinyurl.com/5fes5zuu ||| https://tinyurl.com/2zsuw7tf,https://www.businesstimes.com.sg/international/global/world-economic-forum-genzero-initiative-raise-demand-sustainable-aviation-fuel-asia-pacific ||| https://www.channelnewsasia.com/singapore/ecosperity-week-2025-asia-critical-climate-crisis-and-should-collaborate-low-carbon-future-teo-chee-hean-5109636 ||| https://www.businesstimes.com.sg/esg/asia-leads-decarbonisation-push-build-green-hydrogen-economy ||| https://fintech.global/2025/04/29/south-korea-puts-esg-reporting-on-hold-following-regulatory-easing/ ||| https://www.esgtoday.com/companies-continuing-to-increase-climate-ambitions-despite-headwinds-msci/ ||| https://www.esgdive.com/news/issb-proposes-easing-corporate-scope-3-reporting-requirements/746638/ ||| https://www.straitstimes.com/world/research-organisations-to-keep-us-climate-report-alive-in-new-journal,"[SINGAPORE] Green Fuel Forward, a campaign to help scale up demand for sustainable aviation fuel in the Asia-Pacific region, was launched on Monday (May 5) at the GenZero Climate Summit 2025.

A joint effort between the World Economic Forum (WEF) and Temasek-backed, decarbonisation-focused investment company GenZero, it will educate organisations to become more familiar and competent with sustainable aviation fuel and sustainable aviation fuel certificates (SAFC), promote the use of both, enable ||| SINGAPORE: Asia is integral to solving the climate crisis and should collaborate regionally for a low-carbon future, Senior Minister Teo Chee Hean said on Tuesday (May 6).

Mr Teo, who is also Coordinating Minister for National Security and chairman of the Inter-Ministerial Committee on Climate Change, was speaking at the opening of Ecosperity Week 2025 at the Marina Bay Sands Expo and Convention Centre.

The annual sustainability event hosted by Temasek will run from May 5 to May 8, with its th ||| THE race to net-zero is on, and green hydrogen is emerging as a game-changer. More than just a cleaner fuel, it enhances energy security, resilience and carbon reduction. In Asia, where energy demand is rising rapidly, scalable low-carbon solutions are essential. With a strong track record in renewables, Sembcorp is driving this transition to a cleaner, more sustainable future for the region.

Powering the future of energy and industry

Green hydrogen is reshaping industries and redefining energ ||| South Korea’s FSC has announced a delay in the country’s ESG disclosure roadmap, responding to the evolving global regulatory landscape and increasing pressure for harmonisation.

According to Business Korea, the update came during the 5th meeting of the ESG Finance Promotion Task Force, held on 23 April at the Korea Financial Investment Association in Yeouido, Seoul.

The task force – which was created in February 2024 – unites various government departments, industry groups and regulatory bodi ||| Companies globally continued to increase the ambitions of their climate goals in 2024, despite policy headwinds, with a substantial increase in the year of listed companies with validated science-based emission reduction goals, and a continued decoupling in the correlation between revenue and GHG emissions growth, according to a new study released by investment data and research provider MSCI.

For the report, the latest edition of the MSCI Transition Finance Tracker (re-named from the Net-Zero  ||| Listen to the article 4 min This audio is auto-generated. Please let us know if you have feedback

Dive Brief:

The International Sustainability Standards Board is proposing amendments to its climate-related disclosure framework that would ease scope 3 emissions reporting requirements for companies, according to a Monday update from its parent organization, the International Finance Reporting Standards.

ISSB published an exposure draft suggesting changes to its IFRS S2 reporting framework. Thes ||| The two organisations said the new collection will not replace the NCA but create a vehicle to enable the work to continue. PHOTO: REUTERS

Research organisations to keep US climate report alive in new journal

WASHINGTON - Two major US scientific associations on May 2 called for submissions for a special compilation of research that would have fed into the National Climate Assessment (NCA), a comprehensive report on climate change impacts across the United States that was effectively cancelled ","1.  ESG Categories


Sub-Topic Tags: 
- Climate Change Mitigation 
- Sustainable Aviation Fuel 
- Renewable Energy Transition 
- Energy Innovation 
- Low Carbon Solutions 
- Hydrogen Economy 
- Supply Chain Sustainability 
- Financial Innovation 

Would you be able to narrow this further?","The article discusses the launch of a campaign to scale up demand for sustainable aviation fuel in Asia, focusing on green hydrogen as a cleaner energy solution. It also emphasizes the green hydrogen's potential to enhance energy security, resilience, and carbon reduction, especially as energy demand rises rapidly in the region. The article also mentions the key players and their commitment to a low-carbon future through renewable energy development."
"Feed post number 15
                 
 
   
 
 
 
 
 
 
 
 
   
 
 
 
 
 
 
 
 
 ESGpedia ESGpedia 
 
   
 
 9,350 followers 9,350 followers 
 
 
   
 1mo •   
 
   1 month ago • Visible to anyone on or off LinkedIn 
 
 
 
 
 
 
 
 
 Follow 
 
   
 
 
 
 
 
 
 
 
 
 
 
 
 
 
 
   
 
 
 
 
 
 
 
 
 
...","https://lnkd.in/gMf33iSq, https://lnkd.in/gPXjyQap, https://lnkd.in/gmWkiTMS, https://lnkd.in/gPd4iJHX, https://lnkd.in/g7a2EJQE, https://lnkd.in/gdzJAgCv, https://lnkd.in/g984tmqg",https://tinyurl.com/4hdvazkx ||| https://tinyurl.com/3y7zyy7d ||| https://tinyurl.com/5y3e8dbu ||| https://tinyurl.com/44nzx7j7 ||| https://tinyurl.com/3wnyjyrn ||| https://tinyurl.com/2hrfsefc ||| https://tinyurl.com/3hek8353,https://www.businesstimes.com.sg/esg/singapore-investors-behind-regional-peers-climate-governance-and-disclosures-investor-group ||| https://www.businesstimes.com.sg/esg/singapore-prices-s1-8-billion-30-year-green-bonds-2-62 ||| https://www.eco-business.com/news/asia-should-look-to-clean-energy-sector-to-weather-tariff-wars-experts/ ||| https://www.businesstimes.com.sg/international/global/china-still-backs-overseas-coal-plants-despite-2021-pledge-research-shows ||| https://www.businesstimes.com.sg/international/trump-scraps-us-office-climate-diplomacy ||| https://www.esgtoday.com/canadian-regulators-hit-pause-on-mandatory-climate-reporting-requirements/ ||| https://www.channelnewsasia.com/business/ai-economic-gains-likely-outweigh-emissions-cost-says-imf-5081226,"[SINGAPORE] Investors in Singapore are behind their regional peers in several climate-related metrics, particularly on matters relating to climate governance and disclosures, indicated a recent review by the Asia Investor Group on Climate Change.

The review, which polled 230 major Asian investors, found that Singapore investors were lagging on the following metrics:

Linking board remuneration to climate performance: Singapore scored an average of 28 per cent compared to an average of 35 per ce ||| [SINGAPORE] The second tranche of Singapore’s 30-year sovereign green bonds came in with a cut-off yield at 2.62 per cent on Monday (Apr 28), a drop from the effective yield of 3.3 per cent when it was first issued in May last year via syndication.

This is in line with an overall decline in bond yields across all Singapore Government Securities and Treasury Bills over the last one year, as the United States Federal Reserve cut interest rates.

The reopening of these 30-year green debt, official ||| While United States president Donald Trump’s sweeping tariffs have unsettled global markets and mounted pressure on Asian countries to buy liquefied natural gas (LNG) to address trade imbalances, energy experts warn that the fossil fuel will not address the region’s energy security woes.

Asian governments from Thailand to Japan have been rushing to sign up for LNG purchases from the US, hoping to reduce trade surpluses with the world’s largest economy.

But instead Asia should look to its large ||| [SINGAPORE] Chinese firms are still building new coal-fired power plants in Indonesia despite a 2021 pledge to stop financing coal projects overseas, according to an analysis of energy investments in Brics countries released on Tuesday.

China is involved in constructing 7.7 gigawatts (GW) of new coal-fired power, mostly plants used to run nickel smelters in Indonesia, US think tank Global Energy Monitor said.

The Brics bloc was founded by Brazil, Russia, India and China in 2009 and has since e ||| [WASHINGTON] President Donald Trump’s administration has abolished the office that runs US climate diplomacy, potentially meaning the world’s largest economy will be a no-show at November’s COP30 summit in Brazil.

The State Department confirmed Friday (Apr 25) that its Office of Global Change, which was in charge of representing the United States in UN climate diplomacy, was being closed.

“We will not participate in international agreements and initiatives that do not reflect our country’s val ||| Canada’s securities regulators announced that they are pausing their work on the development on key sustainability reporting initiatives, including a new mandatory climate-related disclosure rule and amendments to diversity-related disclosure requirements.

According to the Canadian Securities Administrators (CSA), the umbrella organization of Canada’s provincial and territorial securities regulators, the move to pause the development of new sustainability reporting requirements is being made “t ||| Economic gains from artificial intelligence will boost global output by around 0.5 per cent a year between 2025 and 2030, outweighing the costs of rising carbon emissions by the data centres needed to run AI models, the International Monetary Fund said on Tuesday.

An IMF report released at its annual spring meeting in Washington nonetheless noted that those output gains would not be shared equally across the world, and called on policymakers and businesses to minimise costs to broader society.
","Based on the provided text, I would identify the main category as ESG Strategy and Reporting. The sub-topic tags would in this category would be:

- Sustainable Investment Trends
- Global Market ESG Initiatives
- Asian ESG Leadership and Development
- Energy Transition Strategies (e.g., green bonds, LNG partnerships)
- Regulatory ESG Landscape (e.g., disclosure standards, disclosure frameworks)
- industry-specific ESG considerations (e.g., nature-based solutions, biodiversity, ocean health)

These tags capture the main themes and topics covered in the ESG article, which","The article highlights that Singapore investors trail their regional peers in climate-related metrics. It also notes that the investors are behind in green bonds, with a decline in yields over the last year. The article suggests Asia should look to alternative energy sources rather than fossil fuels to reduce trade imbalances."
"Feed post number 20
                 
 
   
 
 
 
 
 
 
 
 
   
 
 
 
 
 
 
 
 
 ESGpedia ESGpedia 
 
   
 
 9,350 followers 9,350 followers 
 
 
   
 1mo •   
 
   1 month ago • Visible to anyone on or off LinkedIn 
 
 
 
 
 
 
 
 
 Follow 
 
   
 
 
 
 
 
 
 
 
 
 
 
 
 
 
 
   
 
 
 
 
 
 
 
 
 
...","https://lnkd.in/gFFjJhuu, https://lnkd.in/greJnwyr, https://lnkd.in/g6wA7Tan, https://lnkd.in/g7Jrqgvp, https://lnkd.in/gyCn6egf, https://lnkd.in/gFm9ftTZ, https://lnkd.in/gbnxbU67",https://tinyurl.com/59z26ukt ||| https://tinyurl.com/mtfs3sz4 ||| https://tinyurl.com/bbj8vw2t ||| https://lnkd.in/g7Jrqgvp ||| https://tinyurl.com/56jzv6ns ||| https://tinyurl.com/y2ka6zx3 ||| https://tinyurl.com/26nsw857,https://www.businesstimes.com.sg/esg/why-sustainable-equity-investors-should-pay-attention-singapore ||| https://www.eco-business.com/news/no-passive-bystander-clean-energy-trade-among-singapores-recalibrations-to-tackle-new-geopolitical-reality/ ||| https://www.businesstimes.com.sg/international/asean/greater-asean-integration-could-prevent-tariff-induced-slowdown-energy-transition-observers ||| https://lnkd.in/g7Jrqgvp ||| https://www.ft.com/content/f9b3bbbc-d02a-4b7c-aefd-45c4e032b180 ||| https://www.esgtoday.com/net-zero-banking-alliance-drops-requirement-to-align-financing-with-1-5c/ ||| https://www.straitstimes.com/world/climate-change-threatens-worlds-supply-of-blood-study-warns,"IN THIS FTSE Russell insight, we examine Singapore’s role in the green economy, focusing on green revenues, sectoral exposures and the current level of disclosure of climate and sustainability data.

Green revenues by country

The green economy exposure of Singapore’s best-known equity market benchmark, the Straits Times Index (STI), was 10.9 per cent of market capitalisation at the end of December 2024, based on LSEG Green Revenues data. This revenue share is up from less than 4.2 per cent in 2 ||| No ‘passive bystander’: Clean energy trade among Singapore’s ‘recalibrations’ to tackle new geopolitical reality

The republic will not “capitulate”, but will forge global cooperation to tackle challenges like climate change, says prime minister Lawrence Wong. His speech was made a day after it was confirmed Singapore will head to the polls on 3 May.

Singapore prime minister Lawrence Wong (left), accompanied by the republic's foreign minister Vivian Balakrishnan (left), arriving at the venue ho ||| [SINGAPORE] As if South-east Asia’s energy transition is not challenging enough, the region’s clean energy sector might be potentially dealt another blow by the recent imposition of tariffs from the United States.

The about-turn one week after US President Donald Trump’s “Liberation Day” tariffs – in which most tariffs to Asean markets were cut to a blanket rate of 10 per cent – brought little relief, as observers told The Business Times that these duties could still impede decarbonisation in t ||| Error: Article `download()` failed with 404 Client Error: Not Found for url: https://www.channelnewsasia.com/sustainability/vietnam-ups-wind-solar-targets-energy-demand-soars-5073181 on URL https://www.channelnewsasia.com/sustainability/vietnam-ups-wind-solar-targets-energy-demand-soars-5073181 ||| White House Watch newsletter Sign up for your free, indispensable guide to what Trump’s second term means for Washington, business and the world.

Trump tracker: US tariffs As the president threatens a trade war, follow the latest on tariffs and executive orders

US politics & policy Stay on top of the latest events in US politics with the FT’s trusted and impartial coverage. ||| The Net-Zero Banking Alliance, a UN-backed coalition of banks aimed at advancing global Paris Agreement climate goals through their financing activities, announced a series of significant changes to its framework and principles for members, including eliminating a mandatory requirement for banks to align lending and capital markets activities with the goal of limiting global warming to 1.5°C.

The changes follow a rapid-fire series of departures from the alliance over the past few months, which  ||| Extreme weather can also have indirect influence on the blood chain, increasing demand for blood transfusions. PHOTO: REUTERS

Climate change and increasingly extreme weather are taking a toll on global supplies of blood, endangering the lives of people with life-threatening injuries and conditions, a new study has found.

Extreme weather events and natural disasters such as bush fires and floods, fuelled by rising global temperatures, are disrupting medical professionals in their efforts to col","Main Category: Climate Change and Mitigation
Tags: Climate Adaptation, Climate Risk Disclosure, Singapore ESG Initiatives, Sea Level Rise, Ocean Acidification, Emissions Reduction Pathways, Net Zero Targets

I hope these sub-topic tags can help narrow down the analysis of the article:

- Singapore sustainability initiatives
- Singapore carbon footprint and mitigation strategies
- Singapore's approach to ESG regulations and reporting
- Impacts of US tariffs on clean energy sector in Singapore
- Sustainability reporting frameworks development in Singapore","Here's a brief summary: Singapore's green economy is growing with an increase in green revenues, and the country is committed to addressing climate change through cooperation. The recent tariffs imposed by the US on Asean markets are seen as a setback, but it's not stopping Singapore from forging ahead with global cooperation."
"Feed post number 22
                 
 
   
 
 
 
 
 
 
 
 
   
 
 
 
 
 
 
 
 
 ESGpedia ESGpedia 
 
   
 
 9,350 followers 9,350 followers 
 
 
   
 1mo •   
 
   1 month ago • Visible to anyone on or off LinkedIn 
 
 
 
 
 
 
 
 
 Follow 
 
   
 
 
 
 
 
 
 
 
 
 
 
 
 
 
 
   
 
 
 
 
 
 
 
 
 
...","https://lnkd.in/dwm_4_J7, https://lnkd.in/d5tTB-Hf, https://lnkd.in/d3Hrk2Fe, https://lnkd.in/dQXUXgt5, https://lnkd.in/djQwmnpF, https://lnkd.in/dk4jbAbF, https://lnkd.in/dzsapJWH",https://tinyurl.com/3mnbd2rw ||| https://tinyurl.com/yz8pyuwp ||| https://tinyurl.com/2um9h8m2 ||| https://tinyurl.com/3phtd4cz ||| https://tinyurl.com/38hduw2y ||| https://tinyurl.com/ynce98zc ||| https://tinyurl.com/ycykd929,https://www.businesstimes.com.sg/esg/uob-cimb-vote-1-5-deg-c-climate-target-be-replaced-below-2 ||| https://www.businesstimes.com.sg/esg/improving-carbon-credit-frameworks-enhance-carbon-project-quality-and-financing ||| https://www.eco-business.com/news/china-releases-its-first-green-sovereign-bonds-in-london/ ||| https://www.channelnewsasia.com/business/cf-industries-forms-jv-jera-mitsui-4-billion-low-carbon-ammonia-plant-5054136 ||| https://www.channelnewsasia.com/sustainability/trump-issues-order-block-state-climate-change-policies-5053496 ||| https://www.businesstimes.com.sg/companies-markets/transport-logistics/us-exits-carbon-talks-shipping-urges-others-follow ||| https://www.eco-business.com/news/analysis-nearly-60-countries-have-dramatically-cut-plans-to-build-coal-plants-since-2015/,"[SINGAPORE] At least two banks in South-east Asia will be voting to drop a key climate target that limits global warming to 1.5 degree Celsius above pre-industrial levels.

Both UOB and CIMB – who are members of the Net-Zero Banking Alliance (NZBA) – told The Business Times that they will be accepting a proposal by the group to remove the requirement that signatories have to align their portfolios to the 1.5 deg C threshold. Their net-zero pledge will instead be replaced with a commitment to kee ||| [SINGAPORE] Countries such as Singapore have recently started to directly procure credits to supplement their Nationally Determined Contribution (NDC) goals towards climate-change mitigation.

New research from the Sustainable and Green Finance Institute (SGFIN) at the National University of Singapore (NUS) indicates that these countries – and others that are considering to follow their footsteps – need to carefully review the frameworks that are used to evaluate these credits to minimise future ||| On 2 April, China’s Ministry of Finance debuted on the London Stock Exchange its first ever green sovereign bonds. The money raised will go towards projects in China in sectors such as clean transportation, marine conservation and recycling.

The event makes China the latest of more than 50 jurisdictions to issue green sovereign bonds, Xie Wenhong, head of the China Programme at the Climate Bonds Initiative (CBI), told Dialogue Earth. The industry had long been looking forward to China following ||| CF Industries said on Tuesday it has formed a joint venture with Japan's largest power generator, JERA, and trading house Mitsui & Co to build one of the world's largest low-carbon ammonia facilities for about $4 billion.

WHY IS IT IMPORTANT

Former President Joe Biden passed the largest climate change legislation in U.S. history in 2022, meant to kick off a boom in American clean energy development including low-carbon emission products.

Ammonia producer CF Industries said it is expected to q ||| US President Donald Trump issued an executive order on Tuesday (Apr 8) that aims to block the enforcement of state laws passed to reduce the use of fossil fuels and combat climate change.

The move is the latest in a string of efforts by Trump's administration to pump up domestic energy output and push back against largely Democratic-led policies to curb carbon emissions. It came just hours after Trump, a Republican, issued orders to increase coal production.

The order directed the US attorney  ||| [LONDON] The United States has withdrawn from talks in London looking at advancing decarbonisation in the shipping sector and Washington will consider “reciprocal measures” to offset any fees charged to US ships, a diplomatic note said.

Delegates are at the UN shipping agency’s headquarters this week for negotiations over decarbonisation measures aimed at enabling the global shipping industry to reach net zero by “around 2050“.

An initial proposal by a bloc of countries including the European  ||| Among those making cuts of 98 per cent or more to their coal-power pipeline are some of the world’s biggest coal users, including Turkey, Vietnam and Japan.

The data also shows that 35 nations eliminated coal from their plans entirely over the past decade, including South Korea and Germany.

Global coal-fired electricity generation has increased since 2015 as more power plants have come online.

But the data on plants in “pre-construction” phases in 2024 shows what GEM calls a “dramatic drop” i","1. ESG & Sustainability 

Sub-Topic Tags: ESG Ratings, Net-Zero, Green Bonds, China's Climate Goals, Financial Industry Trends, International Development","Here's a brief summary: Two banks in Southeast Asia will be voting to drop a climate target aligned with 1.5C Celsius warming. This is green bond introduced by China's Ministry of Finance on the London Stock Exchange will support clean transportation, conservation and recycling projects in China."
"Feed post number 25
                 
 
   
 
 
 
 
 
 
 
 
   
 
 
 
 
 
 
 
 
 ESGpedia ESGpedia 
 
   
 
 9,350 followers 9,350 followers 
 
 
   
 2mo •   
 
   2 months ago • Visible to anyone on or off LinkedIn 
 
 
 
 
 
 
 
 
 Follow 
 
   
 
 
 
 
 
 
 
 
 
 
 
 
 
 
 
   
 
 
 
 
 
 
 
 
 ...","https://lnkd.in/gKQipg7u, https://lnkd.in/gT7RmAi6, https://lnkd.in/gGWc5nzg, https://lnkd.in/gyNYJU7p, https://lnkd.in/ggH_A_Yw, https://lnkd.in/gvc-aXgG, https://lnkd.in/gcVsmx5A",https://tinyurl.com/27dyrewk ||| https://tinyurl.com/4rnxfp7m ||| https://tinyurl.com/t87bs7ck ||| https://tinyurl.com/5d929zhb ||| https://lnkd.in/ggH_A_Yw ||| https://lnkd.in/gvc-aXgG ||| https://tinyurl.com/msa66sn6,https://www.straitstimes.com/singapore/environment/chile-inks-carbon-trading-pact-with-singapore-fifth-country-to-do-so ||| https://www.businesstimes.com.sg/companies-markets/one-raffles-quay-inks-s1-13-billion-sustainability-linked-loan-dbs-other-banks ||| https://www.scmp.com/week-asia/economics/article/3305552/amid-trumps-tariff-war-one-asia-sector-could-emerge-unscathed-clean-energy ||| https://www.eco-business.com/news/climate-overtakes-economic-woes-as-southeast-asias-biggest-challenge/?_gl=1*1vozrrf*_up*MQ..*_gs*MQ..&gclid=Cj0KCQjw782_BhDjARIsABTv_JByv4nP9JuYSVYQZPEekdpzSgnx1qxKgAgN5bzVbyvE6lABiP50YZIaAqsREALw_wcB&gbraid=0AAAAADqCg7RNrQXE8zHqA9Kk5yQOdhOO- ||| https://lnkd.in/ggH_A_Yw ||| https://lnkd.in/gvc-aXgG ||| https://www.esgtoday.com/eu-parliament-agrees-to-delay-sustainability-reporting-and-due-diligence-laws/,"The implementation agreement to collaborate on carbon credits was signed by Minister for Sustainability and the Environment Grace Fu and Chile’s Minister of Foreign Affairs Alberto van Klaveren on April 7. PHOTO: MINISTRY OF TRADE AND INDUSTRY

Chile inks carbon trading pact with Singapore, fifth country to do so

SINGAPORE – Chile has become the fifth country that can sell carbon credits to Singapore, after both nations inked a carbon trading agreement on April 7.

Singapore has similar pacts w ||| [SINGAPORE] Office complex One Raffles Quay has obtained a five-year, S$1.13 billion sustainability-linked loan (SLL) from DBS and three other banks, to support its efforts to reduce its carbon footprint.

DBS is providing S$710 million as the anchor lender and sole sustainability coordinator, the bank said on Wednesday (Apr 2).

The remaining S$420 million will be contributed jointly by Industrial and Commercial Bank of China, Bank of China and OCBC.

Proceeds from the loan will be used to refi ||| US President Donald Trump ’s sweeping tariffs may be rattling global markets, but Asia’s clean energy plans are expected to remain on course due to its limited reliance on the US market, surging global demand and deepening regional integration.

Advertisement

The tariffs could pave the way for an increase in clean energy partnerships within the region and beyond, with China leading the way to help the world transition away from fossil fuels, according to analysts.

“The US is retreating behind  ||| Climate overtakes economic woes as Southeast Asia’s biggest challenge

The Philippines, Vietnam, Malaysia, and Thailand have named extreme weather as their top concern, putting it ahead of issues like unemployment and economic recession, a study by the ISEAS-Yusof Ishak Institute finds.

A storm surge hits a coastal town before supertyphoon Man-Yi hit the Bicol region in the Philippines in November 2024. Between late October and mid November 2024, the country was hit by a barrage of storms that  ||| Error: Article `download()` failed with 401 Client Error: HTTP Forbidden for url: https://www.reuters.com/sustainability/climate-energy/eu-carbon-emissions-drop-5-2024-track-2030-target-2025-04-04/ on URL https://www.reuters.com/sustainability/climate-energy/eu-carbon-emissions-drop-5-2024-track-2030-target-2025-04-04/ ||| Error: Article `download()` failed with 404 Client Error: Not Found for url: https://www.channelnewsasia.com/world/nations-divided-ahead-decisive-week-shipping-emissions-5045686 on URL https://www.channelnewsasia.com/world/nations-divided-ahead-decisive-week-shipping-emissions-5045686 ||| Lawmakers in the European Parliament announced today an agreement to approve the European Commission’s ‘stop-the-clock’ directive, delaying the implementation of key sustainability reporting and due diligence regulations, including the CSRD and CSDDD.

The agreement was supported by a large majority of MEPs in a 531 – 69 vote, despite a series of amendments submitted by far-left and right parties, which included proposals ranging from outright rejecting the directive to extending the delay of th","1. ESG and Sustainability 

Sub-topic Tags: 
Climate Change Mitigation, ESG Initiatives, Biodiversity, Sustainable Finance, International Cooperation. 

The article covers various aspects of ESG and sustainability, including international agreements, pacts and collaboration on carbon credits, biodiversity and nature-based solutions, and the impact of US policies on clean energy development.","Chile and Singapore have signed a carbon trading agreement to allow Chile to sell carbon credits to Singapore. The agreement joins the partnership models that will help Asia transition away from fossil fuels, which is expected to remain despite President Trump's tariffs."
"Feed post number 28
                 
 
   
 
 
 
 
 
 
 
 
   
 
 
 
 
 
 
 
 
 ESGpedia ESGpedia 
 
   
 
 9,350 followers 9,350 followers 
 
 
   
 2mo • Edited •   
 
   2 months ago • Edited • Visible to anyone on or off LinkedIn 
 
 
 
 
 
 
 
 
 Follow 
 
   
 
 
 
 
 
 
 
 
 
 
 
 
 
 
 
   ...","https://lnkd.in/guaGswCH, https://lnkd.in/gFaa3m2n, https://lnkd.in/gint4qd3, https://lnkd.in/gh7Bm4zR, https://lnkd.in/gjQFhYiu, https://lnkd.in/gEVcMRG9, https://lnkd.in/gzaGyUKp",https://tinyurl.com/7v4bfrn3 ||| https://tinyurl.com/yd4cmb9b ||| https://tinyurl.com/3ndkxpw8 ||| https://tinyurl.com/4w5jrvuu ||| https://tinyurl.com/5du6xftp ||| https://tinyurl.com/2f93nm78 ||| https://tinyurl.com/2p8udvw9,https://www.straitstimes.com/singapore/spore-looking-to-buy-nature-based-carbon-offsets-as-part-of-effort-to-meet-2030-climate-target ||| https://www.businesstimes.com.sg/esg/clear-policies-financing-needed-green-shipping-fuels-maritime-players ||| https://www.esgtoday.com/australia-regulator-releases-new-guide-for-companies-beginning-mandatory-sustainability-reporting/ ||| https://www.straitstimes.com/asia/east-asia/china-envoy-sees-global-climate-fight-advancing-even-without-us ||| https://www.esgtoday.com/issb-launches-new-roadmap-tool-to-help-jurisdictions-adopt-sustainability-reporting-standards/ ||| https://www.esgtoday.com/ing-becomes-first-global-bank-with-sbti-approved-financed-emissions-reduction-targets/ ||| https://fintech.global/2025/04/01/major-regulatory-shift-as-occ-ends-climate-guidance-for-banks/,"Investment firm GenZero is proposing a total of 500,000 credits from two projects, of which one involves restoring stretches of degraded land in Ghana’s Kwahu region. PHOTO: GENZERO

SINGAPORE – The Republic is looking to buy its first set of nature-based carbon offsets to meet its 2030 climate change target, a move that observers say could help further efforts to conserve the planet’s remaining natural ecosystems amid global biodiversity decline.

This request for proposal – the first for credi ||| [SINGAPORE] Clear regulations and finance mechanisms are needed to boost green shipping fuels such as ammonia and methanol, said industry players who spoke at the Singapore Maritime Week.

They also expressed optimism that an upcoming sustainability meeting under the International Maritime Organization (IMO) – from Apr 7 to 11 – can have positive outcomes despite ongoing geopolitical tensions.

“Producers and consumers of green fuels need to have the confidence that the regulations are sustainab ||| Corporate, markets, and financial services regulator the Australian Securities & Investments Commission (ASIC) announced the release of “Regulatory Guide 280 (RG 280),” its new regulatory guide for companies required to prepare a sustainability report containing climate-related financial information under Australia’s new mandatory climate reporting law.

The guide includes details on ASIC’s planned “pragmatic and proportionate approach” to supervision and enforcement in the early years of the ne ||| Rapid expansion of clean energy in China has raised concerns over whether it is straining the grid. PHOTO: REUTERS

– China’s top climate envoy said the world’s transition to clean energy will continue, even as the US’ second withdrawal from the Paris Agreement puts unprecedented stress on the fight against global warming.

The Trump administration’s exit from the UN-led process has created the “most challenging moment” for negotiations since they started in 1990, Mr Liu Zhenmin, China’s special ||| The IFRS Foundation’s International Sustainability Standards Board (ISSB) announced the launch of its new Jurisdictional Roadmap Development Tool, aimed at supporting regulators and market participants adopt or use the ISSB’s sustainability reporting standards in their jurisdictions.

The ISSB was launched in November 2021 at the COP26 climate conference, with the goal to develop IFRS Sustainability Disclosure Standards to provide investors with information about companies’ sustainability risks  ||| Amsterdam-based global bank ING announced today that its climate targets, including goals to reduce financed emissions in client portfolios as well as in the bank’s own operations, have been validated by the Science Based Targets initiative (SBTi) as aligning with the 1.5 °C ambition of the Paris Agreement.

According to the SBTi, ING is the first global systemically important bank to achieve the validation. The SBTi validated ING’s targets against its Financial Institutions Near-term Criteria,  ||| The Office of the Comptroller of the Currency (OCC) has announced a significant policy reversal by withdrawing its participation in the established interagency principles designed to manage climate-related financial risks for large financial institutions.

This move comes as the OCC deems these guidelines to be overly demanding and redundant.

Acting Comptroller of the Currency Rodney E. Hood explained that the existing regulatory frameworks already encompass comprehensive risk management, capab","ESG Category: ESG Regulations & Reporting

Tags: Global, EU, Asia, US ESG Regulations, Sustainability reporting frameworks, Greenwashing risks & cases, ESG data quality and assurance, and Carbon tax. 

These subtopic tags touch on various ESG topics from regulations and reporting requirements across various regions and financial aspects, to global approaches and approaches.","The article discusses how Singapore will be looking to buy its first nature-based carbon offsets to meet its climate goals, and how industry players are suggesting more clarity and guidance for green shipping fuels. It also mentions that the regulatory guides are being developed in other countries to provide confidence in sustainability for corporate climate reporting."
"Feed post number 31
                 
 
   
 
 
 
 
 
 
 
 
   
 
 
 
 
 
 
 
 
 ESGpedia ESGpedia 
 
   
 
 9,350 followers 9,350 followers 
 
 
   
 2mo • Edited •   
 
   2 months ago • Edited • Visible to anyone on or off LinkedIn 
 
 
 
 
 
 
 
 
 Follow 
 
   
 
 
 
 
 
 
 
 
 
 
 
 
 
 
 
   ...","https://lnkd.in/g748RqpR, https://lnkd.in/g-E2FF37, https://lnkd.in/gjgeZKAk, https://lnkd.in/gwgtKFF8, https://lnkd.in/ghnx9euA, https://lnkd.in/gabFyqaJ, https://lnkd.in/gp3BUuwT",https://tinyurl.com/u6uyt8nf ||| https://tinyurl.com/4m5v9mrv ||| https://tinyurl.com/5h4e46j2 ||| https://tinyurl.com/4rcneh8s ||| https://tinyurl.com/55xfrdru ||| https://tinyurl.com/4vwe53e3 ||| https://tinyurl.com/2xpm3n7d,https://www.businesstimes.com.sg/esg/local-construction-companies-adopt-esg-registry-bolster-competitiveness-secure-project-tenders ||| https://www.straitstimes.com/singapore/spore-will-set-aside-funds-when-there-is-surplus-to-help-future-generations-tackle-climate-change ||| https://esgnews.com/apple-launches-99-million-clean-energy-fund-in-china/ ||| https://www.eco-business.com/news/making-water-related-disclosures-a-growing-priority-for-asias-listed-companies/ ||| https://esgnews.com/new-pwc-report-84-of-companies-holding-firm-on-climate-targets/ ||| https://esgnews.com/eu-platform-on-sustainable-finance-proposes-new-voluntary-standard-to-boost-sme-access-to-sustainable-finance/ ||| https://www.eco-business.com/press-releases/emissions-from-building-sector-stopped-rising-for-the-first-time-since-2020-un/,"[SINGAPORE] Seven local construction companies have adopted ESGpedia – a Singapore-based environmental, social and governance (ESG) registry – to strengthen their competitiveness and secure more project tenders.

On top of that, they achieved better ESG compliance, man-hour savings and enhanced data insights into greenhouse gas emissions, said ESGpedia in a Tuesday (Mar 18) press statement.

The seven companies are Expand Construction, Hi-Tek Construction, Ngai Chin Construction, Teambuild Const ||| Find out how Singapore is pushing ahead with climate action on the latest episode of The Usual Place.

The Usual Place Podcast Singapore setting aside funds to help future generations tackle climate change, says Grace Fu

SINGAPORE – Protecting Singaporeans from the impacts of climate change is a long-term endeavour, and the country is starting to put aside funds now so future generations will not have to bear all the costs, said Minister for Sustainability and the Environment Grace Fu.

“Many a ||| Listen to this story:

Apple Launches $99 Million China Clean Energy Fund to Reach 100% Renewable Supply Chain by 2030

Apple Inc. has launched its second China Clean Energy Fund, committing up to $99.3 Million (RMB 720 million) as the anchor investor to expand renewable energy projects across China. Managed by Schroders, this innovative fund aims not only to increase clean energy capacity but also to deliver financial returns for investors. The fund builds upon the success of Apple’s groundbrea ||| Making water-related disclosures – a growing priority for Asia’s listed companies

There are concerns that Malaysia’s data centre boom will strain its water resources, spurring investor demand for water risks disclosures – especially in the technology sector. Firms must start valuing water risks and engaging suppliers.

The Permas Jaya-Pasir Gudang highway in Johor, Malaysia. Southern Johor has been seeing a boom in data centres. Image: Afifi Zulkifle / Unsplash ||| Listen to this story:

84% of companies maintain or accelerate climate ambitions; just 16% scale back.

Companies investing in sustainable products see 6%–25% revenue uplifts.

Small businesses increasingly adopt climate goals, driving broader supply-chain action.

Despite persistent headlines suggesting businesses are retreating from sustainability commitments, PwC’s second annual State of Decarbonization Report reveals steady, quiet progress toward corporate climate ambitions.

Analyzing discl ||| Listen to this story:

SMEs contribute 50%+ of EU GDP but face significant barriers accessing sustainable finance.

The new “SME sustainable finance standard” simplifies sustainability disclosures for SMEs.

Proposed standard initially targets climate sustainability, with plans to expand further.

The Platform on Sustainable Finance (PSF), advising the European Commission, has proposed a voluntary “SME sustainable finance standard” aimed at easing access to sustainability financing for small and ||| A growing number of countries are working to decarbonise buildings, but sluggish progress and financing puts global climate goals at risk. These are the key findings of an annual review of the buildings and construction sector, published today by the UN Environment Programme (UNEP) and the Global Alliance for Buildings and Construction (GlobalABC).

The Global Status Report for Buildings and Construction 2024-2025 - Not just another brick in the wall highlights progress made on related global cl","Main Category: ESG Registry, ESG Strategy & Development, and ESG Disclosure & Reporting. 

Sub-topic Tags: ESG Registry Development, Environmental Partnerships, Sustainable Construction, Registry Development, Environmental Impact Strategies, and Registry Operations.","The article highlights that seven construction companies in Singapore are using ESGpedia to improve their competitiveness and tap project tenders. It also mentions that these companies achieved ESG compliance and enhanced data insights, along with the benefit of man-hour savings. Additionally, Singapore is committing to setting aside funds for clean energy initiatives to tackle the impacts of climate change. The article also talks about Apple's recent fund launch in China to support the clean energy transition there."
"Feed post number 34
                 
 
   
 
 
 
 
 
 
 
 
   
 
 
 
 
 
 
 
 
 ESGpedia ESGpedia 
 
   
 
 9,350 followers 9,350 followers 
 
 
   
 2mo • Edited •   
 
   2 months ago • Edited • Visible to anyone on or off LinkedIn 
 
 
 
 
 
 
 
 
 Follow 
 
   
 
 
 
 
 
 
 
 
 
 
 
 
 
 
 
   ...",https://lnkd.in/g-FkTwSK,https://constellar.swoogo.com/buildtechasia2025,https://constellar.swoogo.com/buildtechasia2025,,Empty text,No content available.
"Feed post number 36
                 
 
   
 
 
 
 
 
 
 
 
   
 
 
 
 
 
 
 
 
 ESGpedia ESGpedia 
 
   
 
 9,350 followers 9,350 followers 
 
 
   
 3mo •   
 
   3 months ago • Visible to anyone on or off LinkedIn 
 
 
 
 
 
 
 
 
 Follow 
 
   
 
 
 
 
 
 
 
 
 
 
 
 
 
 
 
   
 
 
 
 
 
 
 
 
 ...","https://lnkd.in/gkGQsq68, https://lnkd.in/gSAUqF-M, https://lnkd.in/gT7fm9wM, https://lnkd.in/gfC8JM3v, https://lnkd.in/gkMS-gS4, https://lnkd.in/gUwd4qrB, https://lnkd.in/gJ5VGaKm",https://tinyurl.com/2664faxt ||| https://tinyurl.com/2s4k6nam ||| https://tinyurl.com/yymkc4zj ||| https://tinyurl.com/2t8ccffy ||| https://tinyurl.com/mtd9u5df ||| https://tinyurl.com/yvdem4w4 ||| https://tinyurl.com/bdf7njkb,https://www.straitstimes.com/business/companies-markets/singapore-listed-firms-made-progress-in-climate-reporting-but-there-is-still-room-for-improvement ||| https://www.straitstimes.com/singapore/politics/spore-could-buy-its-first-tranche-of-carbon-credits-in-2025-mti-to-call-for-proposals ||| https://www.esgtoday.com/japan-releases-inaugural-ifrs-aligned-sustainability-reporting-standards/ ||| https://www.businesstimes.com.sg/esg/lack-clarity-asias-climate-adaptation-plans-hinders-private-investment-report ||| https://www.businesstimes.com.sg/esg/worlds-sea-ice-cover-hits-record-low-february ||| https://www.ft.com/content/e8b7f9cf-063b-45bc-a861-6d46047738d7 ||| https://www.esgtoday.com/over-40-of-senior-executives-prioritizing-esg-in-job-choice-decisions-survey/,"Of the 529 companies whose sustainability reports were reviewed, 97 per cent carried out climate reporting. PHOTO: ST FILE

SINGAPORE – Singapore-listed companies have made progress in climate reporting, but less than a third of them provided all the information required under a framework by the Task Force on Climate-Related Financial Disclosures (TCFD) .

This is a globally recognised framework for companies to disclose climate-related impacts, risks and opportunities.

It comes at a “critical  ||| The eventual goal is for Singapore’s emissions to reach net zero by mid-century. ST PHOTO: BRIAN TEO

S’pore could buy its first tranche of carbon credits in 2025; MTI to call for proposals

SINGAPORE - The Republic could be buying its first set of carbon credits to offset its greenhouse gas emissions in 2025, with the Ministry of Trade and Industry (MTI) set to launch a request for proposals to procure eligible credits later in 2025 .

Second Minister for Trade and Industry Tan See Leng gave th ||| The Sustainability Standards Board of Japan (SSBJ) announced the release of its finalized sustainability disclosure standards, based on the standards developed by the IFRS Foundation’s International Sustainability Standards Board (ISSB), and anticipated to form the basis of mandatory reporting for listed Japanese companies of sustainability and climate-related information.

The release forms a significant step towards internationally-aligned sustainability reporting requirements for companies in ||| THERE is a lack of clarity among Asian regulators on their countries’ national climate adaptation plans, as well as investment opportunities for such actions, a recent report by the Asia Investor Group on Climate Change (AIGCC) showed.

This has prevented more private capital from flowing into climate adaptation projects, which have historically suffered from a lack of financing compared with climate mitigation efforts.

Adaptation refers to making adjustments to the current and future effects o ||| GLOBAL sea ice cover hit a historic low in February as the world endured exceptional heat, with temperatures near the North Pole soaring 11 deg C above average, Europe’s climate monitor said on Thursday.

The Copernicus Climate Change Service said February 2025 was the third-hottest on record, continuing a warming trend since 2023 stoked by greenhouse gas emissions.

Combined Antarctic and Arctic sea ice cover - ocean water that freezes and floats on the surface - dropped to a record minimum ext ||| Try unlimited access Only S$1 for 4 weeks

Then S$99 per month. Complete digital access to quality FT journalism on any device. Cancel anytime during your trial. ||| More than 40% of senior executives report that they prioritize ESG factors when applying for jobs, well ahead of their more junior peers, and many see a rising role for sustainability in talent attraction over the longer term, according to a new survey released by Economist Impact.

For the report, “Transitioning to sustainability: employee perspectives on workplace practices,” Economist Impact surveyed 630 employees from small, medium, large and global companies in global financial hubs includi","1. The most relevant main ESG category is ""Climate Change & Mitigation"". 

Within that category, sub-topic tags could be: ""Climate policy updates"", ""Net-zero targets"", ""Sustainability disclosure standards"", ""Carbon credits"", ""Sustainable development initiatives"", and more. 

Do you want me to continue?","Singapore-listed companies have made progress with climate reporting, but less than a third meet all requirements of a global framework. The country may buy its first tranche of carbon credits in 2025 to offset emissions, with the release of the Sustainability Standards Board of Japan's mandatory reporting standards.  The essential step in the development of international sustainability reporting requirements."
"Feed post number 39
                 
 
   
 
 
 
 
 
 
 
 
   
 
 
 
 
 
 
 
 
 ESGpedia ESGpedia 
 
   
 
 9,350 followers 9,350 followers 
 
 
   
 3mo •   
 
   3 months ago • Visible to anyone on or off LinkedIn 
 
 
 
 
 
 
 
 
 Follow 
 
   
 
 
 
 
 
 
 
 
 
 
 
 
 
 
 
   
 
 
 
 
 
 
 
 
 ...","https://lnkd.in/dmePcY-B, https://lnkd.in/dixvgMiA, https://lnkd.in/dJzGFiGs, https://lnkd.in/dfPT4DUn, https://lnkd.in/dDghySuV, https://lnkd.in/dFTf68-A, https://lnkd.in/dydtM8Pg",https://tinyurl.com/4btnzn72 ||| https://tinyurl.com/2kb988jd ||| https://tinyurl.com/mr3k6fkj ||| https://tinyurl.com/4wh9yrvk ||| https://tinyurl.com/y2ztyvzj ||| https://lnkd.in/dFTf68-A ||| https://tinyurl.com/3m3xpcsw,https://www.straitstimes.com/singapore/politics/reducing-carbon-emissions-not-only-healthy-for-planet-but-can-fuel-economic-growth-sm-teo?_gl=1*10hj6ue*_gcl_au*MTY2ODYwNDQzMS4xNzM1Nzc5NjM5 ||| https://www.businesstimes.com.sg/singapore/smes/dbs-singapore-manufacturing-federation-sign-partnership-help-500-smes-go-green-next-2-years ||| https://www.businesstimes.com.sg/companies-markets/energy-commodities/china-must-cut-15-steel-capacity-meet-2025-climate-goals ||| https://www.eco-business.com/news/new-data-shows-intensified-cyclones-in-asia-led-to-port-closures-and-delays-resulting-in-higher-emissions/ ||| https://www.straitstimes.com/world/nations-fail-to-break-deadlock-on-timing-of-un-climate-report?_gl=1*xl0azb*_gcl_au*MTY2ODYwNDQzMS4xNzM1Nzc5NjM5 ||| https://lnkd.in/dFTf68-A ||| https://www.esgtoday.com/eu-to-exempt-80-of-companies-from-csrd-sustainability-reporting-requirements/,"Senior Minister Teo Chee Hean was responding to a question in Parliament on how political headwinds in the world will affect Singapore’s climate goals. ST PHOTO: LIM YAOHUI

Reducing carbon emissions not only healthy for planet, but can also fuel economic growth: SM Teo

SINGAPORE - Transitioning away from fossil fuels is crucial not only for the health of the planet, but also for economic growth and prosperity of the people, Senior Minister Teo Chee Hean told Parliament on Feb 28.

For these re ||| OVER the next two years, some 500 small to medium-sized manufacturers can get help to go green under a new memorandum of understanding between DBS and the Singapore Manufacturing Federation (SMF).

Launched on Thursday (Feb 27) with the support of SkillsFuture Singapore (SSG), the initiative will provide subsidised training, resources and financial solutions related to reducing emissions.

As a SkillsFuture Queen Bee partner, DBS receives funding support for this partnership from SSG, though det ||| CHINA needs to tackle its steel glut by cutting 15 per cent of capacity this year, if mills are to meet their 2025 climate goals and return to profitability, according to clean energy analysts.

To get back on track, the country’s annual blast furnace capacity has to shrink by at least 200 million tonnes from its 2020 base – the equivalent of the whole of the European Union’s steel industry, the Centre for Research on Energy and Clean Air (Crea) said in a report on Wednesday (Feb 26). Another 15 ||| New data shows intensified cyclones in Asia led to port closures and delays, resulting in higher emissions

These include typhoons which struck the Philippines, Sri Lanka and Hong Kong last year. But despite massive supply chain disruptions worldwide, emission intensities of global shipping operations improved in 2024, reflecting upgraded efficiencies of the sector, found a report by technology firm Vesselbot.

A satellite image of Super Typhoon Man-yi approaching the Philippines on 16 November  ||| Experts warned the US absence from the world’s leading scientific body on climate change would be hugely damaging. PHOTO: AFP

- Nations failed to break a deadlock over the timing of the UN’s next blockbuster assessment of climate change science after a marathon meeting in China that US envoys skipped.

At issue was whether the Intergovernmental Panel on Climate Change (IPCC), which informs policymakers, will deliver its next three-part assessment before a 2028 United Nations “stocktake” of the  ||| Error: Article `download()` failed with 401 Client Error: HTTP Forbidden for url: https://www.reuters.com/sustainability/whats-inside-eus-simplification-omnibus-sustainability-rules-2025-02-26/ on URL https://www.reuters.com/sustainability/whats-inside-eus-simplification-omnibus-sustainability-rules-2025-02-26/ ||| The European Commission announced today the release of its first “Omnibus” package, containing a series of proposals to reduce sustainability reporting requirements for companies, including plans to remove 80% of companies from the scope of its Corporate Sustainability Reporting Directive (CSRD), and limiting the sustainability information that large companies and banks can request from smaller companies.

In addition to the CSRD, the proposals introduce major simplifications and scope reduction","Response: 

ESG: Climate Change & Mitigation, ESG Regulations & Reporting, Corporate Sustainability 

Tags: Climate goals and targets, policy responses, industry support and financial solutions, partnerships and initiatives. 

Would love to proceed with identifying sub-topics within these broader categories.","Senior Minister Teo Chee Hean highlights in Parliament that transitioning away from fossil fuels is not just good for climate goals but also boosts economic growth. The Government also mentions an initiative by Singapore to help 500 manufacturers go green, offering subsidies and resources. Additionally, China's addressing its steel overcapacity by cutting 15% capacity to meet climate goals.  This might also poses challenges to other countries who rely on steel industry."
