Title,URL
50 more ways to reduce your carbon footprint >,https://www.noaa.gov/50-years-ocean-coastal-conservation/50-ways-to-love-your-ocean-and-coasts/at-home-and-work
9.4.1 greenland ice sheet,https://www.ipcc.ch/report/ar6/wg1/chapter/chapter-9/
9.5.2.2 evaluation of permafrost in climate models,https://www.ipcc.ch/report/ar6/wg1/chapter/chapter-9/
9.5.3.2 evaluation of seasonal snow in climate models,https://www.ipcc.ch/report/ar6/wg1/chapter/chapter-9/
a regional climate modelling experiment for southeast asia,https://ccrs.weather.gov.sg/wp-content/uploads/2015/03/Regional-Climate-Modelling-Experiment-for-Southeast-Asia.pdf
afera and ivk: joining forces to develop a standardized carbon footprint tool for the adhesives and adhesive tapes industries,https://sphera.com/resources/
analysing climate change: projections for singapore and the southeast asia region,https://www.weather.gov.sg/analysing_climate_change/
annual and sustainability reportdownload pdf,https://www.pub.gov.sg/Resources/Publications/-/media/PUB_23-24ASR.pdf
annual reportdownload pdf,https://www.pub.gov.sg/Resources/Publications/-/media/PUB/Publications/Report/PDF/annualreport2023.pdf
"blogsupplier blind spots that could cost you: csco priorities for 2025the report, which reviews data from 2024, found that force majeure declarations rose by 61%, hazardous materials alerts  ...",https://sphera.com/resources/blog/supplier-blind-spots-that-could-cost-you-csco-priorities-for-2025/
"blogwhat enterprise leaders are prioritizing after a decade of disruptiona decade of disruption reshaped supply chains. sphera’s 2025 risk report reveals key trends in supplier risk, resilien ...",https://sphera.com/resources/blog/what-enterprise-leaders-are-prioritizing-after-a-decade-of-disruption/
carbon dioxide removal,https://oceanacidification.noaa.gov/carbon-dioxide-removal/
"case studycre and sphera: harmonizing the industry’s approach to lca of chemical recyclingchemical recycling europe (cre), representing the chemical recycling industry, partnered with sphera sustainability cons ...",https://sphera.com/resources/case-study/cre-and-sphera-harmonizing-the-industrys-approach-to-lca-of-chemical-recycling/
"case studyendress+hauser & sphera: harmonizing pcf reporting of a product  portfolioendress+hauser, a global leader in industrial process measurement and automation, faced increasing customer demands for  ...",https://sphera.com/resources/case-study/endresshauser-sphera-harmonizing-pcf-reporting-of-a-product-portfolio/
"case studyquantifying supply chain decarbonization as a pillar for becoming a net-zero companywith the ambition 2039, mercedes-benz committed themselves to become a carbon-neutral* company by 2039 along their entir ...",https://sphera.com/resources/case-study/quantifying-supply-chain-decarbonization-as-a-pillar-for-becoming-a-net-zero-company/
"ceo messagereporting with purpose: the business case for scope 3 resiliencythe unpredictable, stop-and-start nature of global tariffs make it increasingly difficult for companies to collect envir ...",https://sphera.com/resources/ceo-letter/reporting-with-purpose-the-business-case-for-scope-3-resiliency/
climate of singapore,https://www.weather.gov.sg/home-all-news/?yearnews=2015/
consultationspower sector carbon capture and storage grant call,https://www.ema.gov.sg/news-events/news?id=media-releases/partnerships/research-and-development-engagements/grant-calls/power-sector-carbon-capture-storage-grant-call
debriefed 30 may 2025: earth eyes 2c; why net-zero is not behind uk bill hikes; us academics stage climate science ‘fire hose’,https://www.carbonbrief.org/debriefed-30-may-2025-earth-eyes-2c-why-net-zero-is-not-behind-uk-bill-hikes-us-academics-stage-climate-science-fire-hose/
eastern bering sea ecosystem status report,https://www.fisheries.noaa.gov/alaska/ecosystems/ecosystem-status-reports-gulf-alaska-bering-sea-and-aleutian-islands
endress+hauser & sphera: harmonizing pcf reporting of a product  portfolio,https://sphera.com/resources/
energy market authority of singapore,https://www.ema.gov.sg/news-events/news?id=media-releases/
energy market landscape,https://www.ema.gov.sg/news-events/news?id=media-releases/
energy storage systems,https://www.ema.gov.sg/news-events/news?id=media-releases/our-energy-story/energy-grid/energy-storage-systems
energy-industry scholarship portal (eis),https://www.poweringlives.gov.sg/scholarships-awards/students/eis
"environment, health, safety & sustainability",https://sphera.com/resources/solutions/environment-health-safety-sustainability/
faq 9.1 | can continued melting of the greenland and antarctic ice sheets be reversed? how long would it take for them to grow back?,https://www.ipcc.ch/report/ar6/wg1/chapter/chapter-9/
generating climate change rainfall scenarios for singapore: a tale of scale.,https://doi.org/10.1142/S0219607716710014
global impact of climate change,https://www.nccs.gov.sg/media/about-climate-change/global-impact-of-climate-change/
global south climate database,https://www.carbonbrief.org/global-south-climate-database/
grant callsaward of second energy storage system grant call,https://www.ema.gov.sg/news-events/news?id=media-releases/partnerships/research-and-development-engagements/grant-calls/second-energy-storage-grant-call
green bond reportdownload pdf,https://www.pub.gov.sg/Resources/Publications/-/media/PUB/PDF/PUB-Green-Bond-Report-for-FY2023.pdf
green growth opportunities,https://www.nccs.gov.sg/media/singapores-climate-action/overview/green-growth-opportunities/
guest post: how climate change is fuelling record-breaking extreme weather,https://www.carbonbrief.org/guest-post-how-climate-change-is-fuelling-record-breaking-extreme-weather/
how we are affecting climate change,https://www.nccs.gov.sg/media/about-climate-change/how-we-are-affecting-climate-change/
"infographicscope 3 infographic: why waiting is a liability, not a strategyin our new infographic, discover the differences in emissions reporting practices between 315 companies in 18 industries ...",https://sphera.com/resources/infographic/scope-3-infographic-why-waiting-is-a-liability-not-a-strategy/
inter-ministerial committee on climate change,https://www.nccs.gov.sg/media/who-we-are/inter-ministerial-committee-on-climate-change/
ipcc sixth assessment reportworking group 1:the physical science basis,https://www.ipcc.ch/report/ar6/wg1/chapter/chapter-9/report/ar6/wg1/
meeting report on the best practice workshop on climate change projections and their applications in asean countries (march 2018),https://ccrs.weather.gov.sg/publications-listing-page/wp-content/uploads/2018/10/Climate-Change-Projections-And-Their-Applications-In-ASEAN-Countries.pdf
ministry of sustainability and the environment,https://www.mse.gov.sg
mss releases inaugural annual climate assessment report for singapore and launches mobile weather app âweather@sgâ,https://www.weather.gov.sg/mss-releases-inaugural-annual-climate-assessment-report-for-singapore-and-launches-mobile-weather-app/
mss releases review of 2017âs weather and climate for singapore,https://www.weather.gov.sg/mss-releases-review-of-2017s-weather-and-climate-for-singapore/
other national policy,https://www.carbonbrief.org/category/policy/other-national-policy/
parliamentary repliesparliamentary reply by deputy prime minister teo chee hean on personal responsibility for climate change...14 apr 2014,https://www.nccs.gov.sg/media/media/news/parliamentary-reply-by-dpm-teo-chee-hean-on-personal-responsibility-for-climate-changes/
parliamentary repliesparliamentary reply by minister for sustainability and the environment grace fu on climate action tracker...09 jan 2023,https://www.nccs.gov.sg/media/media/parliamentary-replies/parliamentary-reply-climate-action-tracker-rating/
parliamentary repliesparliamentary reply by senior minister teo chee hean on ministriesâ climate compliance03 mar 2020,https://www.nccs.gov.sg/media/media-centre/parliamentary-replies/parliamentary-reply-by-senior-minister-teo-chee-hean-on-ministries-climate-compliance/
parliamentary repliesparliamentary reply by senior minister teo chee hean on public consultations for singapore's climate ambition...04 oct 2022,https://www.nccs.gov.sg/media/media/parliamentary-replies/parliamentary-reply-public-consultation-climate-ambition/
parliamentary repliesparliamentary reply by senior minister teo chee hean on singaporeâs climate strategy impact on low-income...05 mar 2020,https://www.nccs.gov.sg/media/media-centre/parliamentary-replies/parliamentary-reply-by-senior-minister-teo-chee-hean-on-singapores-climate-strategy-impact-on-low-income-groups/
parliamentary repliesparliamentary reply by senior minister teo chee hean on socio-economic impact of climate change in...16 feb 2021,https://www.nccs.gov.sg/media/media-centre/parliamentary-replies/parliamentary-reply-by-sm-teo-chee-hean-on-socio-economic-impact-of-climate-change-in-singapore/
parliamentary repliesparliamentary reply by sm teo chee hean on singaporeâs commitment to address climate change04 nov 2019,https://www.nccs.gov.sg/media/media/news/parliamentary-reply-by-sm-teo-chee-hean-on-singapore-s-commitment-to-address-climate-change/
parliamentary repliesparlimentary reply by deputy prime minister teo chee hean to parliamentary question on national climate...14 apr 2014,https://www.nccs.gov.sg/media/media/speeches/parliamentary-reply-by-deputy-prime-minister-teo-chee-hean-14-april-2014-0/
parliamentary repliesparlimentary reply by senior minister s jayakumar to parliamentary question on climate change12 mar 2010,https://www.nccs.gov.sg/media/media/speeches/transcript-of-senior-minister-s-jayakumar's-reply-to-parliamentary-question-on-climate-change-on-12-march-2010/
past climate trends,https://www.weather.gov.sg/home-all-news/?yearnews=2015/
policy document (pdf),https://goa-on.org/news/news.php/oars/docs/oars-oa-cbd-targets-policy.pdf
press releases12 projects awarded $55 million to accelerate decarbonisation in singapore25 oct 2021,https://www.nccs.gov.sg/media/media/press-release/12projects-awarded-55-million/
press releases13 more companies signed the maritime singapore green pledge17 oct 2012,https://www.nccs.gov.sg/media/media/press-release/13-more-companies-signed-the-maritime-singapore-green-pledge/
press releases21-year-olds bag first prize for singapore's first climate-focused hackathon06 sep 2016,https://www.nccs.gov.sg/media/media/press-release/21-year-olds-bag-first-prize-for-singapore's-first-climate-focused-hackathon/
press releasesa new standard template for financing energy efficiency retrofits for buildings09 dec 2015,https://www.nccs.gov.sg/media/media/press-release/a-new-standard-template-for-financing-energy-efficiency-retrofits-for-buildings/
press releasesappointment of singapore's ambassador for climate action26 mar 2024,https://www.nccs.gov.sg/media/appointment-of-singapore-s-ambassador-for-climate-action/
press releasesaustralia and singapore set focus for low emissions cooperation in 202209 nov 2021,https://www.nccs.gov.sg/media/media/press-release/aust-sg-low-emissions/
press releasesbca and ida launch new green mark for data centres10 oct 2012,https://www.nccs.gov.sg/media/media/press-release/bca-and-ida-launch-new-green-mark-for-data-centres/
"press releasesbca, jtc and nccs jointly launch singapore's first climate-focused hackathon for green solutions12 aug 2016",https://www.nccs.gov.sg/media/media/press-release/bca-jtc-and-nccs-jointly-launch-singapores-first-climate-focused-hackathon-for-green-solutions/
press releasesbcaâs 100stgreen mark platinum building project29 apr 2012,https://www.nccs.gov.sg/media/media/press-release/bca-s-100th-green-mark-platinum-building-project/
"press releasesbusinesses, communities, and individuals helping to shape singapore's long-term low emissions development strategy07 feb 2020",https://www.nccs.gov.sg/media/media/press-release/businesses-communities-and-individuals-helping-to-shape-singapore-s-long-term-low-emissions-development-strategy/
"press releasescapabilities and innovation key to keeping energy options open, say international experts23 oct 2012",https://www.nccs.gov.sg/media/media/press-release/capabilities-and-innovation-key-to-keeping-energy-options-open-say-international-experts/
press releasescarbon emissions-based vehicle scheme kicks in 1 january 201328 dec 2012,https://www.nccs.gov.sg/media/media/press-release/carbon-emissions-based-vehicle-scheme-kicks-in-1-january-2013/
press releasesclimate change public perception survey 201916 dec 2019,https://www.nccs.gov.sg/media/media/press-release/climate-change-public-perception-survey-2019/
press releasescomments by deputy prime minister and chairman of the inter-ministerial committee on climate change teo...13 dec 2015,https://www.nccs.gov.sg/media/media/press-release/comments-by-mr-teo-chee-hean-deputy-prime-minister-and-chairman-of-the-inter-ministerial-committee-on-climate-change-on-the-adoption-of-the-climate-agreement-at-cop-21-in-paris/
press releasesdeputy prime minister teo chee hean announces climate change exhibition at prize presentation ceremony of...12 nov 2013,https://www.nccs.gov.sg/media/media/press-release/dpm-teo-chee-hean-announces-climate-change-exhibition-at-prize-presentation-ceremony-of-national-climate-change-competition-2013/
press releasesdeputy prime minister teo chee hean unveils national climate change action plan14 jun 2012,https://www.nccs.gov.sg/media/media/press-release/dpm-teo-chee-hean-unveils-national-climate-change-action-plan/
press releasesenhanced industry energy efficiency package for the adoption of energy efficiency technologies30 oct 2018,https://www.nccs.gov.sg/media/media/press-release/enhanced-industry-energy-efficiency-package-for-the-adoption-of-energy-efficiency-technologies/
press releasesfirst educational drama on climate change for primary schools in singapore29 aug 2013,https://www.nccs.gov.sg/media/media/press-release/first-educational-drama-on-climate-change-for-primary-schools-in-singapore/
press releasesfirst singapore-united kingdom climate change bilateral dialogue30 nov 2020,https://www.nccs.gov.sg/media/media/press-release/first-singapore-united-kingdom-climate-change-bilateral-dialogue/
press releasesfirst-ever study to benchmark a singapore town's energy use27 apr 2012,https://www.nccs.gov.sg/media/media/press-release/first-ever-study-to-benchmark-a-singapore-town's-energy-use/
"press releasesgood progress made in a year, on implementation of the sustainable singapore blueprint 201531 oct 2015",https://www.nccs.gov.sg/media/media/press-release/good-progress-made-in-a-year-on-implementation-of-the-sustainable-singapore-blueprint-2015/
press releasesgood progress made on the singapore green plan 2030 as government accelerates decarbonisation and sustainability...08 mar 2022,https://www.nccs.gov.sg/media/media/press-release/joint-media-release-by-nccs-mse-mti-mot-mnd-and-moe-good-progress-made-on-the-singapore-green-plan-2030-as-government-accelerates-decarbonisation-and-sustainability-efforts/
press releasesgovernment seeks views on singaporeâs climate action plans20 jan 2015,https://www.nccs.gov.sg/media/media/press-release/government-seeks-views-on-singapore-s-climate-action-plans/
press releasesgovernment seeks views on singaporeâs long-term low emissions strategy16 jul 2019,https://www.nccs.gov.sg/media/media/press-release/government-seeks-views-on-singapore-s-long-term-low-emissions-strategy/
press releasesinaugural youth essay competition on energy and climate change launched08 mar 2012,https://www.nccs.gov.sg/media/media/press-release/inaugural-youth-essay-competition-on-energy-climate-change-launched/
press releasesinfographic: charting singapore's low-carbon future28 feb 2020,https://www.nccs.gov.sg/media/media/press-release/infographic-charting-singapores-low-carbon-future/
press releasesjoint statement by the founding members of the central banks and supervisors network for greening...13 dec 2017,https://www.nccs.gov.sg/media/media/press-release/joint-statement-by-the-founding-members-of-the-central-banks-and-supervisors-network-for-greening-the-financial-system/
press releasesjtc's cleantech park - first development to clinch bca's platinum green mark for districts award...28 nov 2012,https://www.nccs.gov.sg/media/media/press-release/jtcs-cleantech-park/
press releaseslaunch of singaporeâs first utility-scale energy storage system23 oct 2017,https://www.nccs.gov.sg/media/media/press-release/launch-of-singapore-s-first-utility-scale-energy-storage-system/
press releaseslaunch of the climate science experts network03 feb 2012,https://www.nccs.gov.sg/media/media/press-release/launch-of-the-climate-science-experts-network/
press releaseslng terminal will diversify energy sources and enhance singapore's energy security13 feb 2012,https://www.nccs.gov.sg/media/media/press-release/lng-terminal-will-diversify-energy-sources-and-enhance-singapore's-energy-security/
press releasesminister for foreign affairs dr vivian balakrishnan signs the paris agreement on climate change at...22 apr 2016,https://www.nccs.gov.sg/media/media/press-release/minister-for-foreign-affairs-dr-vivian-balakrishnan-signs-the-paris-agreement-on-climate-change-at-the-united-nations-in-new-york-on-22-april-2016/
press releasesministers dr vivian balakrishnan and masagos zulkifli to attend the un climate change conference in...06 dec 2015,https://www.nccs.gov.sg/media/media/press-release/minister-dr-vivian-balakrishnan-and-mr-masagos-zulkifli-to-attend-the-un-climate-change-conference-in-paris-france/
press releasesmore companies pledge commitment to clean and green shipping in singapore12 jan 2012,https://www.nccs.gov.sg/media/media/press-release/more-companies-pledge-commitment-to-clean-and-green-shipping-in-singapore/
press releasesmore organisations and individuals commended for taking the lead to improve energy efficiency18 sep 2012,https://www.nccs.gov.sg/media/media/press-release/more-organisations-and-individuals-commended-for-taking-the-lead-to-improve-energy-efficiency/
"press releasesmy tree house, world's 1stgreen library for kids09 may 2012",https://www.nccs.gov.sg/media/media/press-release/my-tree-house-worlds-1st-green-library-for-kids/
press releasesnational climate change competition 2012 presents opportunities for students to address climate change through technological...19 mar 2012,https://www.nccs.gov.sg/media/media/press-release/national-climate-change-competition-2012-presents-opportunities-for-students-to-address-climate-change-through-technological-innovations-and-individual-actions/
press releasesnational climate change competition 2015 - winners received prizes from deputy prime minister teo chee...20 nov 2015,https://www.nccs.gov.sg/media/media/press-release/national-climate-change-competition-2015-winners-received-prizes-from-dpm-teo-chee-hean/
press releasesnational climate change competition 201502 apr 2015,https://www.nccs.gov.sg/media/media/press-release/national-climate-change-competition-2015/
press releasesnational climate change competition 2016 - envisioning singapore as a climate-friendly city in year 2030...01 apr 2016,https://www.nccs.gov.sg/media/media/press-release/national-climate-change-competition-2016-envisioning-singapore-as-a-climate-friendly-city-in-year-2030/
press releasesnational climate change secretariat's addendum to the president's address in 2014 by deputy prime minister...23 may 2014,https://www.nccs.gov.sg/media/media/press-release/national-climate-change-secretariats-addendum-to-the-presidents-address-in-2014-by-deputy-prime-minister-teo-chee-hean-chairman-of-the-inter-ministerial-committee-on-climate-change/
press releasesnational climate change secretariat's addendum to the president's address in 2016 by deputy prime minister...21 jan 2016,https://www.nccs.gov.sg/media/media/press-release/national-climate-change-secretariat's-addendum-to-the-president's-address-in-2016-by-deputy-prime-minister-teo-chee-hean-chairman-of-the-inter-ministerial-committee-on-climate-change/
press releasesnational competition for short videos on climate change to inspire greater action19 feb 2013,https://www.nccs.gov.sg/media/media/press-release/national-competition-for-short-videos-on-climate-change-to-inspire-greater-action/
press releasesnea launches âenergy-saving challengeâ to promote reduction in electricity consumption among households15 jun 2017,https://www.nccs.gov.sg/media/media/press-release/nea-launches-energy-saving-challenge-to-promote-reduction-in-electricity-consumption-among-households/
press releasesnea to launch the energy efficiency fund (e2f) with greater emphasis on improving energy efficiency...31 mar 2017,https://www.nccs.gov.sg/media/media/press-release/nea-to-launch-the-energy-efficiency-fund-(e2f)-with-greater-emphasis-on-improving-energy-efficiency-among-manufacturing-smes/
press releasesnew bca incentive to drive green building retrofits and practices under 3rdgreen building masterplan...01 sep 2014,https://www.nccs.gov.sg/media/media/press-release/new-bca-incentive-to-drive-green-building-retrofits-and-practices-under-3rd-green-building-masterplan/
press releasesnew carbon emissions-based vehicle scheme (cevs) from 1 january 201307 mar 2012,https://www.nccs.gov.sg/media/media/press-release/new-carbon-emissions-based-vehicle-scheme-(cevs)-from-1-january-2013/
press releasesnew climate exhibition to promote knowledge and action on climate issues14 nov 2014,https://www.nccs.gov.sg/media/media/press-release/new-climate-exhibition-to-promote-knowledge-and-action-on-climate-issues/
press releasesnew green mark schemes for supermarkets and retail11 oct 2012,https://www.nccs.gov.sg/media/media/press-release/new-green-mark-schemes-for-supermarkets-and-retail/
press releasesnew national technology roadmaps to address energy and climate change challenges unveiled at energy innovation...03 jun 2016,https://www.nccs.gov.sg/media/media/press-release/new-national-technology-roadmaps-to-address-energy-and-climate-change-challenges-unveiled-at-energy-innovation-2016/
press releasesnew valuation guideline on green buildings12 oct 2012,https://www.nccs.gov.sg/media/media/press-release/new-valuation-guideline-on-green-buildings/
press releasesnew vehicular emissions scheme to replace carbon-based emissions vehicle scheme from 1 january 201808 mar 2017,https://www.nccs.gov.sg/media/media/press-release/new-vehicular-emissions-scheme-to-replace-carbon-based-emissions-vehicle-scheme-from-1-january-2018/
press releasespermanent secretary (national climate change)31 aug 2012,https://www.nccs.gov.sg/media/media/press-release/permanent-secretary-(national-climate-change)/
press releasespublic consultation and perception survey reflect strong public interest in climate change09 feb 2012,https://www.nccs.gov.sg/media/media/press-release/public-consultation-and-perception-survey-reflect-strong-public-interest-in-climate-change/
press releasespublic consultation on singapore's decarbonisation journey08 oct 2024,https://www.nccs.gov.sg/media/public-consultation-on-singapore-s-decarbonisation-journey/
press releasesresults of second national climate change study consistent with the intergovernmental panel on climate change's...15 apr 2015,https://www.nccs.gov.sg/media/media/press-release/results-of-second-national-climate-change-study-consistent-with-the-intergovernmental-panel-on-climate-changes-5th-assessment-report-in-projecting/
press releasesrevised carbon emissions-based vehicle scheme (cevs) from 1 july 201523 feb 2015,https://www.nccs.gov.sg/media/media/press-release/revised-carbon-emissions-based-vehicle-scheme-(cevs)-from-1-july-2015/
"press releasesrevised energy labels and rating system for air-conditioners, refrigerators and clothes dryers22 aug 2014",https://www.nccs.gov.sg/media/media/press-release/revised-energy-labels-and-rating-system-for-air-conditioners-refrigerators-and-clothes-dryers/
press releasessingapore and indonesia sign memorandum of understanding concerning cooperation on climate change and sustainability21 mar 2022,https://www.nccs.gov.sg/media/media/press-release/singapore-and-indonesia-sign-memorandum-of-understanding-cooperation-on-climate-change-and-sustainability/
press releasessingapore and mongolia reaffirm commitment to pursue carbon credits collaboration05 dec 2023,https://www.nccs.gov.sg/media/media/press-releases/sg-and-mongolia-reaffirm-commitment-to-pursue-carbon-credits-collaboration/
press releasessingapore and the eu reaffirm commitment to climate action08 jul 2021,https://www.nccs.gov.sg/media/media/press-release/singapore-and-the-eu-reaffirm-commitment-to-climate-action/
press releasessingapore celebrates 1000thbca green mark building project26 feb 2012,https://www.nccs.gov.sg/media/media/press-release/singapore-celebrates-1000th-bca-green-mark-building-project/
press releasessingapore commits to achieve net zero emissions by 205025 oct 2022,https://www.nccs.gov.sg/media/media/press-releases/singapore-commits-to-achieve-net-zero/
"press releasessingapore g1 attracts more than 20,000 participants in republicâs largest known green walkathon02 sep 2012",https://www.nccs.gov.sg/media/media/press-release/singapore-g1-attracts-more-than-20-000-participants-in-republic-s-largest-known-green-walkathon/
press releasessingapore joins first movers coalition to decarbonise emissions-intensive sectors26 may 2022,https://www.nccs.gov.sg/media/media/press-releases/singapore-joins-first-movers-coalition-to-decarbonise-emissions-intensive-sectors/
press releasessingapore keen to further global renewable energy efforts17 jan 2012,https://www.nccs.gov.sg/media/media/press-release/singapore-keen-to-further-global-renewable-energy-efforts/
"press releasessingapore launches public consultation on raised climate ambition, seeks feedback on low-carbon transition05 sep 2022",https://www.nccs.gov.sg/media/media/press-releases/climate-ambition-public-consultation-2022/
press releasessingapore launches sustainability plan to chart green course for public sector05 jun 2017,https://www.nccs.gov.sg/media/media/press-release/singapore-launches-sustainability-plan-to-chart-green-course-for-public-sector/
press releasessingapore looks to develop and deploy low-carbon technological solutions23 jun 2021,https://www.nccs.gov.sg/media/media/press-release/singapore-looks-to-develop-and-deploy-lc-technological-solution/
press releasessingapore participates in c40âs âlighting city halls in greenâ global campaign to demonstrate solidarity with...12 dec 2020,https://www.nccs.gov.sg/media/media/press-release/singapore-participates-in-c40-lighting-city-halls-in-green-global-campaign-to-demostrate-solidarity-with-paris-agreement-and-commitment-to-climate-action/
press releasessingapore renews participation in the c40 cities climate leadership group as an observer city17 jul 2014,https://www.nccs.gov.sg/media/media/press-release/singapore-renews-participation-in-the-c40-cities-climate-leadership-group-as-an-observer-city/
press releasessingapore signs first implementation agreement with papua new guinea on carbon credits collaboration08 dec 2023,https://www.nccs.gov.sg/media/singapore-signs-first-implementation-agreement-with-papua-new-guinea-on-carbon-credits/
press releasessingapore signs implementation agreement with ghana to collaborate on carbon credits27 may 2024,https://www.nccs.gov.sg/media/singapore-signs-implementation-agreement-with-ghana-to-collaborate-on-carbon-credits/
"press releasessingapore takes significant steps to curb emissions growth, and is committed to national and global...04 may 2021",https://www.nccs.gov.sg/media/media/press-release/singapore-takes-significant-steps-to-curb-emissions-growth-and-is-committed-to-national-and-global-climate-action/
press releasessingapore to improve energy efficiency of the industry sector22 apr 2013,https://www.nccs.gov.sg/media/media/press-release/singapore-to-improve-energy-efficiency-of-the-industry-sector/
press releasessingapore to participate in the c40 cities climate leadership group as observer city23 mar 2012,https://www.nccs.gov.sg/media/media/press-release/singapore-to-participate-in-the-c40-cities-climate-leadership-group-as-observer-city/
"press releasessingapore to showcase achievements in balancing development with environmental sustainability at expo 2012, yeosu, korea...17 jan 2012",https://www.nccs.gov.sg/media/media/press-release/singapore-to-showcase-achievements-in-balancing-development-with-environmental-sustainability-at-expo-2012-yeosu-korea/
press releasessingapore unveils latest plans for addressing climate change10 jul 2016,https://www.nccs.gov.sg/media/media/press-release/singapore-unveils-latest-plans-for-addressing-climate-change/
press releasessingapore unveils national technology roadmaps to address energy and climate change challenges30 jul 2014,https://www.nccs.gov.sg/media/media/press-release/singapore-unveils-national-technology-roadmaps-to-address-energy-and-climate-change-challenges/
"press releasessingapore will raise climate ambition to achieve net zero emissions by or around mid century,...18 feb 2022",https://www.nccs.gov.sg/media/media/press-release/singapore-will-raise-climate-ambition/
press releasessingapore's enhanced nationally determined contribution and long-term low-emissions development strategy01 apr 2020,https://www.nccs.gov.sg/media/media/press-release/submission-of-singapores-enhanced-nationally-determined-contribution-and-long-term-low-emissions-development-strategy/
"press releasessingapore, verra and gold standard partner to develop playbook for carbon crediting11 dec 2023",https://www.nccs.gov.sg/media/media/press-releases/singapore-verra-and-gold-standard-partner-to-develop-playbook-for-cc/
press releasessingaporeâs enhanced nationally determined contribution and long-term low-emissions development strategy28 feb 2020,https://www.nccs.gov.sg/media/media/press-release/singapores-enhanced-nationally-determined-contribution-and-long-term-low-emissions-development-strategy/
press releasessingaporeâs submission to the united nations framework convention on climate change (unfccc)03 jul 2015,https://www.nccs.gov.sg/media/media/press-release/singapore-s-submission-to-the-united-nations-framework-convention-on-climate-change-(unfccc)/
press releasesspecial asean ministerial meeting on climate action (samca) and expanded-samca (e-samca)10 jul 2018,https://www.nccs.gov.sg/media/media/press-release/special-asean-ministerial-meeting-on-climate-action-(samca)-and-expanded-samca-(e-samca)/
press releasesuk-singapore joint statement on climate change and low carbon business cooperation24 oct 2014,https://www.nccs.gov.sg/media/media/press-release/uk-singapore-joint-statement-on-climate-change-and-low-carbon-business-cooperation/
press releasesun under-secretary-general dr noeleen heyzer underlines asia's pressing need for affordable energy access24 apr 2012,https://www.nccs.gov.sg/media/media/press-release/uns-noeleen-heyzer-underlines-asias-pressing-need-for-affordable-energy-access/
"press releasesvisit of executive secretary of the united nations framework convention on climate change christiana figueres,...17 oct 2012",https://www.nccs.gov.sg/media/media/press-release/visit-of-christiana-figueres-executive-secretary-of-the-united-nations-framework-convention-on-climate-change-17-19-october-2012/
press releasesvisit of us special envoy for climate change todd stern25 oct 2012,https://www.nccs.gov.sg/media/media/press-release/visit-of-todd-stern-us-special-envoy-for-climate-change-25-october-2012/
press releaseswanted: videos to inspire climate change action24 mar 2014,https://www.nccs.gov.sg/media/media/press-release/wanted-videos-to-inspire-climate-change-action/
press releasesyouths share their vision of a climate-friendly singapore in video-making competition04 nov 2016,https://www.nccs.gov.sg/media/media/press-release/youths-share-their-vision-of-a-climate-friendly-singapore-in-video-making-competition/
priority needs for dynamical-model climate predictions: questionnaire for suppliers of climate forecast services in the asean region,https://ccrs.weather.gov.sg/wp-content/uploads/2015/06/Research-Publications-Priority-Needs-for-Dynamical-Model-Climate.pdf
"publicationsclimate action plan : take action today, for a sustainable future01 jan 2016",https://www.nccs.gov.sg/media/media/publications/climate-plan-take-action-today-for-a-sustainable-future/
"publicationseducation materials : ""letâs build a climate-resilient singaporeâ posters01 jan 2015",https://www.nccs.gov.sg/media/media/publications/lets-build-a-climate-resilient-singapore-posters/
"publicationseducation materials : ""letâs join hands to fight climate changeâ posters01 jan 2015",https://www.nccs.gov.sg/media/media/publications/lets-join-hands-to-flight-climate-change-posters/
publicationseducation materials : climate change : how can i help?01 jan 2015,https://www.nccs.gov.sg/media/media/publications/climate-change-how-can-i-help/
publicationseducation materials : climate change : how it affects you01 jan 2015,https://www.nccs.gov.sg/media/media/publications/climate-change-how-it-affects-you/
publicationseducation materials : climate change sg infographics01 jan 2015,https://www.nccs.gov.sg/media/media/publications/climate-change-sg-infographics/
publicationsnational climate change strategy01 jan 2012,https://www.nccs.gov.sg/media/media/publications/national-climate-change-strategy/
publicationspublic sector sustainability plan01 jan 2017,https://www.nccs.gov.sg/media/media/publications/public-sector-sustainability-plan/
publicationssingapore's long-term low-emissions development strategy04 nov 2022,https://www.nccs.gov.sg/media/media/publications/singapores-long-term-low-emissions-development-strategy/
publicationssingapore's national communications and biennial update reports01 nov 2022,https://www.nccs.gov.sg/media/media/publications/singapores-national-communications-and-biennial-update-reports/
publicationssingapore's second national climate change study â climate projections to 2100 science report01 jan 2015,https://www.nccs.gov.sg/media/media/publications/singapores-second-national-climate-change-study-climate-projections-to-2100-science-report/
publicationssingaporeâs first biennial transparency report11 nov 2024,https://www.nccs.gov.sg/media/singapore-s-first-biennial-transparency-report/
quantifying supply chain decarbonization as a pillar for becoming a net-zero company,https://sphera.com/resources/
reducing our carbon footprint,https://oceanacidification.noaa.gov/
regional power gridsimporting low-carbon electricity,https://www.ema.gov.sg/news-events/news?id=media-releases/our-energy-story/energy-supply/regional-power-grids
report for stakeholders,https://ccrs.weather.gov.sg/wp-content/uploads/2015/04/Publications-Second-National-Climate-Change-Study-Report-for-Stakeholders.pdf
report of the first session of the asean climate outlook forum (aseancof-1),https://ccrs.weather.gov.sg/wp-content/uploads/2015/02/ASEANCOF_1_REPORT.pdf
report of the third session of the asean climate outlook forum (aseancof-3),https://ccrs.weather.gov.sg/wp-content/uploads/2015/02/ASEANCOF-3_REPORT_FINAL.pdf
reporting with purpose: the business case for scope 3 resiliency,https://sphera.com/resources/
reportsphera 2023 sustainability reportour 2023 sustainability report accounts for the global impact of sphera and its worldwide subsidiaries  between january  ...,https://sphera.com/resources/report/sphera-2023-sustainability-report/
rest of world emissions,https://www.carbonbrief.org/energy/emissions/rest-of-world-emissions/
rest of world policy,https://www.carbonbrief.org/category/policy/rest-of-world-policy/
"scope 3 infographic: why waiting is a liability, not a strategy",https://sphera.com/resources/
second national climate change study findings released,https://www.weather.gov.sg/second-national-climate-change-study-findings-released/
simon evans (@drsimevans.carbonbrief.org),https://bsky.app/profile/did:plc:wfuybzxgaqfpzfn242rvexzb?ref_src=embed
singapore's climate action,https://www.nccs.gov.sg/media/singapores-climate-action/overview/national-circumstances/
singapore's climate targets,https://www.nccs.gov.sg/media/singapores-climate-action/singapores-climate-targets/overview/
"speechesaddress by prime minister lee hsien loong at the 2010 singapore energy lecture, singapore international...01 nov 2010",https://www.nccs.gov.sg/media/media/speeches/address-by-prime-minister-lee-hsien-loong-at-the-2010-singapore-energy-lecture-singapore-international-energy-week-1-november-2010/
speecheschief negotiator for climate change and ambassador-at-large chew tai soo's interview with reuters08 sep 2009,https://www.nccs.gov.sg/media/media/speeches/chief-negotiator-for-climate-change-and-ambassador-at-large-chew-tai-soo's-interview-with-reuters-8-september-2009/
speechesdeputy prime minister tharman at the singapore apex corporate sustainability awards gala dinner19 nov 2018,https://www.nccs.gov.sg/media/media/speeches/dpm-tharman-at-the-singapore-apex-corporate-sustainability-awards-gala-dinner-19-november-2018/
speechesintervention by pm lee hsien loong in session 1 food and energy security at the...15 nov 2022,https://www.nccs.gov.sg/media/media/speeches/intervention-by-pm-lee-hsieng-loong-at-g20-bali-summit/
"speecheskeynote address by mr tan yong soon, permanent secretary (national climate change), at nus high...26 aug 2011",https://www.nccs.gov.sg/media/media/speeches/keynote-address-by-mr-tan-yong-soon-permanent-secretary-(national-climate-change)-at-nus-high-school-sustainable-development-youth-conference-2011-26-august-2011/
speecheskeynote address by permanent secretary for national climate change in prime minister's office tan yong...17 jan 2011,https://www.nccs.gov.sg/media/media/speeches/keynote-address-by-permanent-secretary-(national-climate-change)-tan-yong-soon-at-the-1st-climate-change-summit-for-asia's-insurance/
speecheskeynote speech by national climate change permanent secretary tan yong soon at the conference on...26 jul 2010,https://www.nccs.gov.sg/media/media/speeches/keynote-speech-by-national-climate-change-permanent-secretary-tan-yong-soon-at-the-conference-on-eu-and-asian-policy-responses-to-climate-change-and-energy-26-july-2010/
speecheskeynote speech by singapore's ambassador for climate action at the carbon finance summit14 nov 2024,https://www.nccs.gov.sg/media/keynote-speech-by-singapore-s-ambassador-for-climate-action-at-the-carbon-finance-summit/
speecheskeynote speech by singaporeâs ambassador for climate action at the sustainable tech forum 202524 jan 2025,https://www.nccs.gov.sg/media/keynote-speech-by-singapore-s-ambassador-for-climate-action-at-the-sustainable-tech-forum-2025/
speechesopening remarks by energy market authority chief executive lawrence wong at the solar awards ceremony...30 nov 2010,https://www.nccs.gov.sg/media/media/speeches/opening-remarks-by-energy-market-authority-chief-executive-lawrence-wong-at-the-solar-awards-ceremony-30-november-2010/
speechesopening remarks by energy market authority chief executive lawrence wong at the world lng series...21 sep 2010,https://www.nccs.gov.sg/media/media/speeches/opening-remarks-by-energy-market-authority-chief-executive-lawrence-wong-at-the-world-lng-series-(asia-pacific-summit)-21-september-2010/
speechesopening remarks by minister chan chun sing at the 11thsingapore international energy week 2018...30 oct 2018,https://www.nccs.gov.sg/media/media/speeches/opening-remarks-by-minister-chan-chun-sing-at-the-11th-singapore-international-energy-week-2018-30-october-2018/
speechesopening remarks by singapore's ambassador for climate action at cop29 singapore pavilion12 nov 2024,https://www.nccs.gov.sg/media/opening-remarks-by-singapore-s-ambassador-for-climate-action-at-the-cop29-singapore-pavilion/
speechesopening remarks by singapore's ambassador for climate action at ecosperity conversations 202521 feb 2025,https://www.nccs.gov.sg/media/opening-remarks-by-singapore-s-ambassador-for-climate-action-at-ecosperity-conversations/
"speechespoints made by senior minister s jayakumar at the climate change media interview, ministry of...02 dec 2009",https://www.nccs.gov.sg/media/media/speeches/points-made-by-senior-minister-s-jayakumar-at-the-climate-change-media-interview-2-december-2009-at-10am-at-ministry-of-foreign-affairs/
speechesremarks by senior minister teo chee hean at rwanda's national carbon markets framework launch02 dec 2023,https://www.nccs.gov.sg/media/media/speeches/remarks-at-the-launch-event-for-rwandas-national-carbon-markets-framework/
speechesremarks by singapore's ambassador for climate action at the philanthropy asia summit 202505 may 2025,https://www.nccs.gov.sg/media/remarks-by-singapore-s-ambassador-for-climate-action-at-the-philanthropy-asia-summit-2025/
"speechesspeech by ambassador burhan gafoor, chief negotiator for climate change, singapore, at the opening ceremony...02 nov 2011",https://www.nccs.gov.sg/media/media/speeches/speech-by-ambassador-burhan-gafoor-chief-negotiator-for-climate-change-singapore-at-the-opening-ceremony-of-carbon-forum-asia-2011-2-november-2011/
speechesspeech by chief executive of energy market authority chee hong tat at the lng supplies...05 mar 2012,https://www.nccs.gov.sg/media/media/speeches/speech-by-mr-chee-hong-tat-chief-executive-of-energy-market-authority-at-the-lng-supplies-for-asian-markets-2012-conference-5-march-2012/
speechesspeech by deputy prime minister teo chee hean at the 10thsingapore international energy week...23 oct 2017,https://www.nccs.gov.sg/media/media/speeches/speech-by-deputy-prime-minister-teo-chee-hean-at-the-10th-singapore-international-energy-week-23-october-2017/
speechesspeech by deputy prime minister teo chee hean at the launch of the national climate...07 sep 2011,https://www.nccs.gov.sg/media/media/speeches/speech-by-dpm-teo-chee-hean-at-the-launch-of-the-national-climate-change-strategy-2012-(nccs-2012)/
speechesspeech by deputy prime minister teo chee hean at the national climate change competition 2014...13 nov 2014,https://www.nccs.gov.sg/media/media/speeches/speech-by-deputy-prime-minister-teo-chee-hean-at-the-national-climate-change-competition-2014-prize-award-ceremony/
speechesspeech by deputy prime minister teo chee hean at the national climate change competition 2015...20 nov 2015,https://www.nccs.gov.sg/media/media/speeches/speech-by-deputy-prime-minister-teo-chee-hean-at-the-national-climate-change-competition-2015-prize-award-ceremony-on-20-november-2015/
speechesspeech by deputy prime minister teo chee hean at the national climate change competition 2016...04 nov 2016,https://www.nccs.gov.sg/media/media/speeches/speech-by-deputy-prime-minister-teo-chee-hean-at-the-national-climate-change-competition-2016-prize-award-ceremony-on-4-november-2016/
speechesspeech by deputy prime minister teo chee hean at the national climate change competition award...12 nov 2013,https://www.nccs.gov.sg/media/media/speeches/speech-by-dpm-teo-chee-hean-at-the-national-climate-change-competition-award-ceremony-on-12-november-2013/
"speechesspeech by divisional director of energy market authority jane lim at the electric vehicles: lessons,...06 mar 2012",https://www.nccs.gov.sg/media/media/speeches/speech-by-ms-jane-lim-divisional-director-of-energy-market-authority-at-the-electric-vehicles-lessons-challenges-and-opportunities-seminar-6-march-2012/
speechesspeech by infocomm development authority of singapore chief executive officer ronnie tay at the green...31 mar 2011,https://www.nccs.gov.sg/media/media/speeches/speech-by-infocomm-development-authority-of-singapore-chief-executive-officer-ronnie-tay-at-the-green-data-centre-forum-31-march-2011/
speechesspeech by minister khaw at the joint official opening ceremony of international green building conference...01 sep 2014,https://www.nccs.gov.sg/media/media/speeches/speech-by-minister-khaw-at-the-joint-official-opening-ceremony-of-international-green-building-conference-and-bex-asia-2014/
"speechesspeech by permanent secretary (finance) (performance), ministry of finance, and chairman, energy market authority chan...27 oct 2010",https://www.nccs.gov.sg/media/media/speeches/speech-by-permanent-secretary-(finance)-(performance)-ministry-of-finance-and-chairman-energy-market-authority-2010-27-october-2010/
speechesspeech by permanent secretary (national climate change) niam chiang meng at the award ceremony of...19 feb 2013,https://www.nccs.gov.sg/media/media/speeches/speech-by-mr-niam-chiang-meng-permanent-secretary-national-climate-change-at-the-award-ceremony-of-the-national-climate-change-competition/
speechesspeech by permanent secretary (national climate change) tan yong soon at the nanyang technological university...27 jul 2012,https://www.nccs.gov.sg/media/media/speeches/speech-by-mr-tan-yong-soon-permanent-secretarynational-climate-change-at-the-nanyang-technological-university-civil-environmental-engineering-and-maritime-studies-convocation-27-july-2012/
speechesspeech by permanent secretary (national climate change) tan yong soon at the nanyang technological university...29 jun 2012,https://www.nccs.gov.sg/media/media/speeches/speech-by-mr-tan-yong-soon-permanent-secretary-national-climate-change-at-the-nanyang-technological-university-and-michigan-state-university-international-conference/
speechesspeech by prime minister lee hsien loong at clean & green singapore 2015 launch08 nov 2014,https://www.nccs.gov.sg/media/media/speeches/speech-by-prime-minister-lee-hsien-loong-at-clean-green-singapore-2015-launch-on-8-november/
speechesspeech by prime minister lee hsien loong at the launch of clean & green singapore...03 nov 2018,https://www.nccs.gov.sg/media/media/speeches/speech-by-pm-lee-hsien-loong-at-the-launch-of-clean-green-singapore-2018-3-november-2018/
speechesspeech by prime minister lee hsien loong at the launch of clean and green singapore...26 oct 2013,https://www.nccs.gov.sg/media/media/speeches/speech-by-prime-minister-lee-hsien-loong-at-the-launch-of-clean-and-green-singapore-2014/
speechesspeech by prime minister lee hsien loong at the opening of renewable energy corporationâs integrated...03 nov 2010,https://www.nccs.gov.sg/media/media/speeches/speech-by-prime-minister-lee-hsien-loong-at-opening-of-renewable-energy-corporation-s-integrated-solar-manufacturing-complex-3-november-2010/
speechesspeech by senior minister teo chee hean at cop28 singapore pavilion energy and decarbonisation day...05 dec 2023,https://www.nccs.gov.sg/media/media/speeches/speech-by-senior-minister-teo-chee-hean-at-cop28-singapore-pavilion-5dec2023/
speechesspeech by senior minister teo chee hean at cop28 singapore pavilion green and transition finance...03 dec 2023,https://www.nccs.gov.sg/media/media/speeches/speech-by-senior-minister-teo-chee-hean-at-cop28-singapore-pavilion-3dec2023/
speechesspeech by singapore's ambassador for climate action at the international built environment week06 sep 2024,https://www.nccs.gov.sg/media/speech-by-singapore-s-ambassador-for-climate-action-at-the-international-built-environment-week/
speechesspeech by singapore's ambassador for climate action at unlocking capital for sustainability 202412 sep 2024,https://www.nccs.gov.sg/media/speech-by-singapore-s-ambassador-for-climate-action-at-unlocking-capital-for-sustainability-2024/
speechesspeech by singaporeâs ambassador for climate action at the sbf dialogue in 202517 mar 2025,https://www.nccs.gov.sg/media/speech-by-singapore-s-ambassador-for-climate-action-at-the-sbf-dialogue-in-2025/
"speechesspeech on climate change by deputy prime minister, coordinating minister for national security and minister...01 mar 2012",https://www.nccs.gov.sg/media/media/speeches/speech-on-climate-change-by-mr-teo-chee-hean-deputy-prime-minister-coordinating-minister-for-national-security-and-minister-for-home-affairs-at-the-committee-of-supply-debate-1-march-2012/
"speechesspeech on climate change by deputy prime minister, coordinating minister for national security and minister...07 mar 2013",https://www.nccs.gov.sg/media/media/speeches/speech-on-climate-change-by-mr-teo-chee-hean-deputy-prime-minister-coordinating-minister-for-national-security-and-minister-for-home-affairs-at-the-committee-of-supply-debate-7-march-2013/
speechesstatement by minister of state for foreign affairs masagos zulkifli at the international atomic energy...20 jun 2011,https://www.nccs.gov.sg/media/media/speeches/statement-by-minister-of-state-for-foreign-affairs-masagos-zulkifli-at-the-international-atomic-energy-agency-ministerial-conference-on-nuclear-safety-20-june-2011/
speechesthe national climate change secretariatâs addendum to the presidentâs address in 2011 by deputy prime...12 oct 2011,https://www.nccs.gov.sg/media/media/speeches/the-national-climate-change-secretariat-s-addendum-to-the-president-s-address-in-2011-by-deputy-prime-minister-teo-chee-hean-chairman-of-the-inter-ministerial-committee-on-climate-change/
speechestranscript of minister mentor lee kuan yew's points at the singapore energy conference dialogue04 nov 2008,https://www.nccs.gov.sg/media/media/speeches/transcript-of-minister-mentor-lee-kuan-yew's-dialogue-at-the-singapore-energy-conference-at-raffles-city-convention-centre-in-singapore-4-november-2008/
speecheswelcome remarks by chairman of energy market authority chan lai fung at the distinguished speakers...29 apr 2011,https://www.nccs.gov.sg/media/media/speeches/welcome-remarks-by-chairman-of-energy-market-authority-chan-lai-fung-at-the-distinguished-speakers-programme-29-april-2011/
speecheswelcome remarks by chief executive of energy market authority chee hong tat at panasonic's launch...01 aug 2011,https://www.nccs.gov.sg/media/media/speeches/welcome-remarks-by-energy-market-authority's-chief-executive-chee-hong-tat-at-panasonic's-launch-on-total-energy-solutions-test-bed-project-for-public-housing-in-singapore/
speecheswelcome remarks by chief executive of energy market authority chee hong tat at the ema...25 apr 2012,https://www.nccs.gov.sg/media/media/speeches/welcome-remarks-by-mr-chee-hong-tat-chief-executive-of-energy-market-authority-at-the-ema-distinguished-speaker-programme-25-april-2012/
sphera 2023 sustainability report,https://sphera.com/resources/
state of the climate,https://www.carbonbrief.org/category/in-focus/state-of-the-climate/
supply chain sustainability,https://sphera.com/resources/solutions/supply-chain-transparency/supply-chain-sustainability-solution/
sustainability and environment,https://www.pub.gov.sg/Resources/Publications/Public/WaterLoop/Sustainability
sustainability communication and reporting,https://sphera.com/resources/solutions/sustainability-and-esg-consulting/sustainability-communication-and-reporting/
sustainability performance improvement,https://sphera.com/resources/solutions/sustainability-and-esg-consulting/sustainability-performance-improvement/
sustainability reportdownload pdf,https://www.pub.gov.sg/Resources/Publications/-/media/PUB/PDF/To-Publish-PUB-SR-23-Final.pdf
sustainability strategy guidance,https://sphera.com/resources/solutions/sustainability-and-esg-consulting/sustainability-strategy-guidance/
svalbard: can scientists salvage climate data from rapidly melting glaciers?,https://www.carbonbrief.org/svalbard-can-scientists-salvage-climate-data-from-rapidly-melting-glaciers/
uk spending review 2025: key climate and energy announcements,https://www.carbonbrief.org/uk-spending-review-2025-key-climate-and-energy-announcements/
un climate talks,https://www.carbonbrief.org/category/policy/un-climate-talks/
"vision, mission and valuesforging towards a clean energy future for singapore",https://www.ema.gov.sg/news-events/news?id=media-releases/about-ema/who-we-are
what is climate change,https://www.nccs.gov.sg/media/about-climate-change/what-is-climate-change/
xv international carbon symposium,https://www.pmcarbono.org/pmc/simposio/2024.php
"‘oh s**t, this is going quick’: how it feels to be a climate scientist in the fastest-warming place on earth",https://www.carbonbrief.org/svalbard-how-it-feels-to-be-a-climate-scientist-in-the-fastest-warming-place-on-earth/
